route_id,representative_trip,derived_from_stops
1,1158505,True
1/25S,41801649,True
1/458,41748630,True
10,41742202,True
100/299,1101431,True
100B,1138436,True
100G,1117187,True
100G/L,1094500,True
100G/S,1117195,True
100H,41729043,True
100L,41741089,True
100M,1126540,True
100M/K,41750871,True
100SS,1094573,True
100V,41747862,True
100V/208,41727582,True
100X,41844247,True
102,1158009,True
102/253C,1173068,True
102/277,41749660,True
102B,1159180,True
102J,41746504,True
102K,41727766,True
102M,41851593,True
103,41735688,True
104A,41728035,True
104A/218,41736976,True
104R,41740293,True
104R/102,41728109,True
104R/127K,886495,True
104R/218,41728034,True
105/218,41736276,True
107,41800951,True
107JL,1137764,True
107JS,1137468,True
107M,1124208,True
107R,1126742,True
107R/300A,1126748,True
107V/S,1077921,True
107VG,41771612,True
107VL,1019674,True
107VR,1210457,True
107VS,1104453,True
10A/S,41732176,True
10F/V,1184664,True
10H,41856270,True
10H/220,41737765,True
10HW,41813050,True
10J/P,41743404,True
10JB,41731113,True
10JP,41751313,True
10K,41749091,True
10K/J,41828115,True
10K/S,41731156,True
10KH,41751701,True
10KJ,41731158,True
10KM,41741482,True
10KM/224G,1084738,True
10MN,41741367,True
10S/K,41731157,True
10W,1010267,True
10Y/F,41754682,True
10YF,41737223,True
113F,993943,True
113F/KP,41746375,True
113I/A,41754483,True
113I/M,41763472,True
113K,41751212,True
113K/L,41751941,True
113KP,41746371,True
113M,41757823,True
113M/217,41805562,True
113M/G,41731553,True
113M/W,41746407,True
113T/L,41727038,True
113T/M,41750835,True
113V,41750829,True
113Y/H,41756071,True
113Y/K,41803688,True
113Z/IM,41758112,True
113Z/M,41757810,True
115,41758087,True
115/280,41771615,True
115C,41854501,True
115R,41848498,True
115RR,41856301,True
116,41747499,True
116/220K,1145196,True
116G,1145193,True
116G/220K,1145185,True
116N,41758374,True
116N/220K,41802878,True
116N/L,41808305,True
117,41744735,True
117B,41737979,True
117M,41731847,True
118X,41728915,True
120,1200682,True
120M,1200870,True
126/300D,861441,True
126/300L,41777588,True
126M,1188367,True
127K,41759891,True
127K/H,41758947,True
127K/L,1022503,True
127K/V,1022451,True
127KL,41756148,True
127M,41756466,True
127N,1473362,True
127R/K,41758946,True
137,41752101,True
142S,41750199,True
142Y,41749370,True
147,41729019,True
14P,41736101,True
152,1136168,True
156/202T,41821573,True
156/206,41825253,True
156/299,41733116,True
156/505,1183545,True
156D,41738682,True
156H/217,41807124,True
156L,41820169,True
156L/217,41808694,True
156S/M,1094503,True
156V,41733359,True
156V/505,2491423,True
158F,41830356,True
158F/R,41741247,True
158H/F,1817208,True
158V/272G,41764998,True
158V/F,41748698,True
15D,41740365,True
15H,41740744,True
15H/20,41740366,True
16/20,41737903,True
16A,41844889,True
16A/20P,1212008,True
16A/219,41757999,True
16A/250X,2029422,True
16A/281,1085112,True
16A/47L,41841114,True
16A/47W,41744280,True
16A/5K,41737606,True
16AB/5K,41740328,True
16AD/5K,41737655,True
16AK,41775977,True
16C,41849602,True
16C/250X,41831479,True
16C/281,1247777,True
16C/49M,1098760,True
16C/5K,41737086,True
16C/R,41731682,True
16CD/5K,1173154,True
16CR,1087162,True
16D,41734954,True
16D/24B,1156439,True
16E,1098755,True
16ES,1098819,True
16H,41762646,True
16H/49M,41763846,True
16HP,41840222,True
16NY,1083925,True
16P,41840223,True
16R/20P,41754875,True
16R/8,41754859,True
171,41739730,True
171 JY,1181145,True
171/219,1193452,True
171/9X,41828860,True
171B,41846544,True
171BK,41763766,True
171D,1190669,True
171DB,41846545,True
171JK,859520,True
171K,1181137,True
171KJ,41846543,True
171KP,41804059,True
171L,41846335,True
171SM,857871,True
171Y,1181132,True
178G,41729054,True
17D,41755037,True
17DS,41741345,True
17H,41775396,True
17H/219,41738815,True
17H/250X,858972,True
17H/29B,41749222,True
17H/47W,41744277,True
17H/ECIL,41740576,True
17HB,41735442,True
17HC,41805960,True
17HN,41744258,True
17HN/290,41737370,True
17S,1175981,True
17SC,41737010,True
18,41802814,True
18/10K/J,41734806,True
18/272G,41731557,True
18/47,41756465,True
183A/272G,857837,True
183B,41754183,True
183MA,857839,True
183S,1173410,True
183X,41777533,True
186,41811535,True
187,41826887,True
188,1195140,True
188/251,41774833,True
188/49M/250,41730605,True
188A/49M,1252796,True
188B,1252772,True
188K,1192825,True
188R,1192831,True
189M,41738252,True
189M/272G,857849,True
189M/272I,1193032,True
189MQ,1193010,True
189QM,1193018,True
18B,41732000,True
18C,41755993,True
18C/30,951867,True
18C/30S,1231361,True
18C/R,41757677,True
18CR,41760481,True
18CR/251,41738931,True
18J,41754116,True
18R,41854498,True
18V,41754943,True
18V/J,41753836,True
18X,1286317,True
18X/U,41850490,True
195,41728571,True
195G,1243009,True
195G/S,41820024,True
195JW,1190819,True
195KG,41738339,True
195L,41774527,True
195P,41741665,True
195SP,41745944,True
195W,1243064,True
195WP,41744684,True
198,861255,True
198/171K,1156549,True
198/224,861265,True
19AK,2093381,True
19BM,1181450,True
19F,41738336,True
19K/J,41842139,True
19KA,2093395,True
19M,41745930,True
19M/218,886452,True
19M/P,41732992,True
19M/V,41741261,True
19MB,1181474,True
19MP/272,41732998,True
19MV,41741259,True
19PM/272,41733003,True
19S,41745892,True
19S/505,881619,True
19V/M,41741260,True
19VM,41741706,True
19Y/F,1188221,True
1B/D,41750861,True
1D/299,41850540,True
1D/V,41728489,True
1H,41836897,True
1H/205F,41735587,True
1J,1107987,True
1J/L,41758270,True
1JK,1104262,True
1L,1100191,True
1M/D,41849326,True
1V,41774075,True
1VM,41728403,True
1VS,1885060,True
1X,1104255,True
1Z,41730731,True
1Z/251,41729800,True
1Z/539,41749549,True
1Z/95K,41775345,True
2,41730318,True
201,1106170,True
201B/M,1135796,True
201G,1137023,True
201G/D,1209144,True
201G/H,1138330,True
201G/N,1137060,True
201H/G,1138340,True
201K,1105834,True
201K/J,41821555,True
201M,1094493,True
201M/C,1094490,True
201M/D,41770989,True
201P,1106002,True
201Q,1137036,True
201Q/W,1137039,True
201T,41744802,True
202B,1109091,True
202U,41751274,True
203,1199708,True
203A,1194003,True
203A/3K,41734588,True
203A/479,41727944,True
203A/R,41727934,True
203AK,41728082,True
203AK/102B,41728081,True
203K,1193248,True
203LWX,1173069,True
203N,1157963,True
203N/102B,1175985,True
203W,1161593,True
204,41748138,True
204D,1524404,True
204GD,1524400,True
204K,41743473,True
204U,41730393,True
204U/A,41747168,True
204U/D,41751270,True
205,41751427,True
205A,41749620,True
205B,41747949,True
205F,1084449,True
205J,1191956,True
205L,41742822,True
205M,41747179,True
205T,41751536,True
206,1189958,True
208D,41741973,True
20P,41731487,True
211,1325995,True
211A,41749636,True
211B,1209452,True
211C/D,1173048,True
211D,41736364,True
211DMC,41746980,True
211DY,1198367,True
211DY/M,41736756,True
211J,1173032,True
211K,41740062,True
211M,881257,True
211M/G,41746215,True
211S,41748497,True
211T,1173038,True
211U,41740144,True
212,41749349,True
212/568,41736382,True
212/702,41743827,True
212C/E,1173372,True
212T,41744572,True
216,41774366,True
216/118,41806005,True
216/118W,41729094,True
216/220,41807232,True
216/220K,1982834,True
216K/L,41744542,True
216M,1157736,True
216M/P,41736454,True
216N/L,41773952,True
217,1106103,True
217/300,914047,True
217A,41746203,True
217C,41824719,True
217G/189M,41749473,True
218,41844448,True
218 I,958318,True
218/19M,886445,True
218C,41811405,True
218D,41755513,True
218DA,41748276,True
218H,41849846,True
218I,41754076,True
218K,41747938,True
218L,41807022,True
218V,1183567,True
219,41778041,True
219/171,1193467,True
219/18C,41808213,True
219/220K,41808191,True
219/229,1018681,True
219/272G,41804784,True
219/27G,41761419,True
219G,1088319,True
219L,41824481,True
219P,882727,True
219S/502,41745896,True
219W,41842407,True
21W,1217573,True
21W/22,1906844,True
22,1462464,True
22/10W,1817562,True
22/16D,1156434,True
22/21W,41735051,True
22/22R,1172397,True
22/24,1817395,True
22/24B,1051684,True
22/24S,1209436,True
22/25A,1218863,True
22/25M,41739693,True
22/25S,41762622,True
22/281,41821744,True
22/290U,41855441,True
22/49,1462679,True
220,1196152,True
220G,1199563,True
220G/505T,1197374,True
220J,1200894,True
220K,41819079,True
222,41735757,True
222A,1141336,True
222M,41777762,True
222P,41751850,True
223S,1189454,True
224/198,861483,True
224/219,1018750,True
224/47D,41806633,True
224G,41823483,True
224L,41803570,True
224M/N,41842412,True
224X,1191877,True
224Z/M,41813776,True
224Z/N,41813815,True
227,861381,True
227D,41729253,True
227G,861374,True
22D,41736430,True
22H/25AJ,41746161,True
22K,1201318,True
22R,1172404,True
22R/25AJ,41753235,True
22T,41745968,True
230A,41774680,True
230AB,41729810,True
230B,41855945,True
230D,41747918,True
230N,1191649,True
230P,41729834,True
230T,1191688,True
230TN,1191652,True
23B,41739175,True
23BK,1089885,True
23GF,41743300,True
23K,41736883,True
23T,41737759,True
241C,1580258,True
241T,41737111,True
242,41740581,True
242A,41738716,True
242B,41742730,True
242DM,41741342,True
242G,41848292,True
242G/B,41742735,True
242GA,41740946,True
242RG,41735432,True
242YA,41743334,True
245A,41748418,True
24B,2038450,True
24B/16D,1156440,True
24B/211,41748596,True
24B/22,1176098,True
24B/281,41830663,True
24BJ,2026225,True
24E,41736624,True
24N/219,41744235,True
24S,41779533,True
24S/273,41757455,True
24SS,41848197,True
24Y,41757693,True
250,1193961,True
250/219,41728354,True
250/281,41742194,True
250/300,1292078,True
250/49M,1195181,True
250C,41762626,True
250C/20S,41775217,True
250C/219,41759260,True
250C/30,41765856,True
250C/49M,1194960,True
250C/J,1199822,True
250C/R,41850082,True
250C/RV,41850051,True
250E,1190394,True
250S,41741582,True
250SS,41743829,True
250SS/49M,41754889,True
250X,1173042,True
251,41760674,True
251/5K,41760503,True
251/92A,41763712,True
251AK,1279629,True
251K/5K,41760505,True
251M,41823579,True
251M/A,1211542,True
251P,1953217,True
251S,41774318,True
251V,1965360,True
251V/300L,41808348,True
252,41806668,True
252NP,41748656,True
252S,1196582,True
253,41740932,True
253G,41736342,True
253H,41731305,True
253I,41731334,True
253L,41736338,True
253M,41731306,True
253M/8,41851555,True
253T,1230492,True
253W,1220858,True
254,41747270,True
254K,41806040,True
255,41804522,True
25A,41730085,True
25A/22,41748893,True
25A/J,41753233,True
25AJ/K,1211411,True
25AJ/M,41746157,True
25M,1225124,True
25M/22,1226291,True
25M/22H,41742573,True
25M/AJ,1226272,True
25M/S,1211520,True
25P,1211454,True
25S,1173359,True
25S/229,41801723,True
25S/281,41821746,True
25S/290U,41855428,True
26/20,41735188,True
26M,41738513,True
26N,41802209,True
26S,41755850,True
272,41726905,True
272B,1180978,True
272BJ,1193328,True
272D,861271,True
272DB,41778194,True
272G,1179723,True
272G/250C,41765866,True
272GB,41855455,True
272GG,1205090,True
272GP,1205059,True
272GS,41765843,True
272GY,41825349,True
272I,41743283,True
272J,41774663,True
272S,1191673,True
277,1196594,True
277/412,1199901,True
277/422,41749061,True
277/427,1203324,True
277/431,1206300,True
277/439,41742503,True
277/459,1217841,True
277B,41744150,True
277BH,41811907,True
277D,1115286,True
277D/S,41746669,True
277H,2090958,True
277K,1077526,True
277L,1943312,True
277M,41746962,True
277MP,41741691,True
277N,1193207,True
277P,1195135,True
277S,41761463,True
277Y,1206175,True
279,41809872,True
279L,1198462,True
279U,1943315,True
279WK,41731935,True
280,41749204,True
280/20M,1279906,True
280/488,41744370,True
280/544,1201396,True
280/564,41740371,True
280/5K,41775215,True
280B,41755043,True
280E,41749208,True
280I,41754045,True
280J,41775232,True
280M,41802782,True
280N,1202365,True
280R,41824777,True
280X,1278936,True
281,41850018,True
281/25S,41821745,True
282K,41729122,True
283C,1077602,True
283K,41806839,True
283KX,41855778,True
283RG,41776079,True
283RX,1192349,True
283S,1196026,True
283T,41735286,True
283V,1196031,True
284P,41758731,True
288,41729395,True
288A,41744441,True
288B,1196162,True
288C,41747814,True
288D,904548,True
288D/49M,1007061,True
288K,41731465,True
288M,41742240,True
288N,41746562,True
288N/B,41746559,True
288P,1198507,True
288R,41850250,True
288S,41742362,True
288XR,41743235,True
288Y,1197317,True
290,41729317,True
290/186,41825255,True
290A/U,1194267,True
290K,1194275,True
290K/J,1108869,True
290K/P,41748148,True
290S,41821539,True
290T/S,41743046,True
290U,41751551,True
290U/201,1108266,True
290U/201T,41741658,True
290U/202T,1192325,True
290U/204,41749917,True
290U/205B,41747950,True
290U/205M,1194480,True
290U/205T,41751537,True
290U/206,1193783,True
290U/20T,41729629,True
290U/229,41728806,True
290U/229S,41743373,True
290U/250,1085154,True
290U/463,41749865,True
290U/555,41729313,True
290U/F,41727526,True
290U/J,41741530,True
290U/S,41821545,True
291,1210300,True
299,41775138,True
299D,1018340,True
299X,41845874,True
29B,41823244,True
29B/250C,41765885,True
29B/272G,41739732,True
29B/272J,41743600,True
29CD,1180965,True
29J,41774744,True
29Q,41742540,True
29R,41750192,True
29S,1191735,True
2C,41749793,True
2J,41729753,True
2K,41856428,True
2U,1100412,True
2V,41745902,True
3,41727829,True
30,41739465,True
300,41738902,True
300/118W,947714,True
300/217,41800729,True
300/242,41743333,True
300/251,41851547,True
300/251A,1279657,True
300/251M,41830783,True
300/253,41842354,True
300/277D,1222147,True
300/532,1214027,True
300A,1126811,True
300A/216,41821781,True
300A/217,41734757,True
300C/216,41734755,True
300C/217,41734762,True
300D,1885284,True
300L,41806687,True
300L/279K,41730397,True
301,41822072,True
30S,41775108,True
315,2031611,True
316,41732820,True
316-L,41840694,True
37,41737259,True
37/8A,41741284,True
38EX,41740523,True
38EX/8N,41749950,True
38M,41755493,True
38S,41737904,True
38T,41733943,True
38T/16CR,41728257,True
38T/47L,41733944,True
38X,41740551,True
38X/8N,41749852,True
3D,41737604,True
3DN,41737833,True
3K,1158462,True
3K/102,41746247,True
3K/242,41741803,True
3K/251,41811210,True
3K/281,41738165,True
3K/90L,41741617,True
3KBDL,41741615,True
3KN,1117004,True
3KN/95,41738030,True
3N,1102867,True
3V,41764441,True
3X,41804287,True
40,41730529,True
401,1217813,True
404,41760241,True
405,1199975,True
406,1225516,True
407,1198863,True
407/277,1198748,True
409,1207329,True
40V,41726871,True
410,1203197,True
412,41757203,True
412/277,1192817,True
413,1203472,True
415,2009047,True
415/277,1209178,True
416,1199755,True
421,41809837,True
422,1196342,True
427,1203346,True
427/277,1203327,True
431,1206286,True
434,1207410,True
436,41740215,True
439,1203257,True
440,41745880,True
443,41738657,True
444/288X,1200874,True
444E,41744587,True
444T,1296452,True
445,41744497,True
446,1199717,True
447,1631529,True
44X,41737318,True
450,41808346,True
450/300,41808354,True
450/92A,41758447,True
451,41740446,True
452,1324444,True
452M/A,1211509,True
452S,41749602,True
453,41845358,True
453B,41845373,True
455,1275108,True
455C,41808178,True
455G/95,41758607,True
455N,41808235,True
455Y,41759520,True
455Y/92A,1850368,True
458,1259625,True
459,1217859,True
459/277,41759986,True
46,41737948,True
460,41751444,True
461,41741724,True
462,1193904,True
463,41742227,True
463F,41750081,True
464,41736844,True
465,41747177,True
469,41806959,True
470,1201273,True
471,1236533,True
471/92C,41853675,True
472,41732168,True
473D,1270588,True
477,1222541,True
478,41823013,True
478D,1222517,True
47L,41836005,True
47L/16A,41841113,True
47YM,41729266,True
47YN,41729270,True
482,1211370,True
482/277,41739282,True
486,41822954,True
488,41735870,True
49,41735504,True
490S,41747016,True
492,41747817,True
493,41735785,True
494,41750591,True
496,41840234,True
497,41748758,True
498,41749081,True
498K,1194377,True
498KB,41825678,True
498V,1193503,True
498VS,1191893,True
49AG,41750132,True
49E,41806419,True
49E/22,1736376,True
49M,1013273,True
49M/188B,1252766,True
49M/250,1002321,True
49M/250C,1002776,True
49M/251,41743742,True
49M/251S,41774320,True
49M/92A,1092557,True
49M/G,41750718,True
49M/K/250,41730607,True
49M/T,41728916,True
49M/T/250,41741067,True
49MG,41855247,True
49R,41737902,True
500,41850404,True
503,1156874,True
505,41751846,True
50B,1196542,True
511,41774749,True
515,41748228,True
518,41728844,True
524,41806643,True
525,1191951,True
527,1214803,True
528,1254960,True
530,41750892,True
532,1198844,True
532MZ,1327407,True
535,1238907,True
535S,1236401,True
536,2127839,True
537,1197192,True
538,1198955,True
539,41748632,True
539/300,41763053,True
539/452,41748636,True
540,41731296,True
540/251L,41842356,True
540/400,41842355,True
540M,41731316,True
540MA,1198516,True
543,41765153,True
545,41756253,True
546,41846435,True
549,41756816,True
555,41806935,True
564,41854123,True
567,41749993,True
567G,1194309,True
568,41749353,True
571T,41750921,True
573,41750226,True
577,41733414,True
578,41734872,True
579,41742522,True
580,41748903,True
580J,41749082,True
589,41757573,True
592,1924403,True
593,1198441,True
593D,1198400,True
593U,41744359,True
594,41850243,True
5E,1098817,True
5G,1289880,True
5K,863540,True
5K/120K,41743706,True
5K/125,41728294,True
5K/188,41774316,True
5K/188K,1104769,True
5K/188P,1011723,True
5K/188R,1104608,True
5K/251K,41750536,True
5K/25S,41739715,True
5K/92A,1194942,True
5K/S,41750200,True
5K/T,41742149,True
5KD,41847998,True
5KG,1817664,True
5M,41737328,True
5MD,41741057,True
5P,41846695,True
5R,41827495,True
65K/123,41773326,True
65M,1193515,True
65M/123,41750419,True
666,41806934,True
6L,865818,True
6N/47W,41744244,True
6R,41754530,True
6RK,41744527,True
6X,41743831,True
70,1032706,True
70A,1196601,True
71,1084047,True
71A,41851784,True
71A/B,1201482,True
71A/D,41850431,True
71K,41856445,True
71K/L,41757384,True
72,41738703,True
72/100GL,41774016,True
72/204P,41737492,True
72/208,41738702,True
72/208C,41747780,True
72/277D,41747741,True
72B/J,41743002,True
72D,1110029,True
72H,41742923,True
72H/201,41747998,True
72H/201K,1104887,True
72H/204,1223446,True
72H/204K,41743477,True
72H/204P,41737491,True
72H/205,41750388,True
72H/205F,41773697,True
72H/205J,41750392,True
72H/208C,1109885,True
72H/463,1195958,True
72J,41776114,True
72KH,41750443,True
72KH/205J,41750393,True
72L,41738704,True
72S,1105670,True
72V,1153820,True
72V/I,41748033,True
72V/S,41747863,True
7Z,1195039,True
7Z/251,41774834,True
7Z/251A,41743654,True
7Z/449,1941047,True
7Z/452,41749552,True
7Z/539,41749551,True
8,41737946,True
8/24B,2021772,True
8/26S,41755851,True
83/272,41806273,True
83J/272,41737507,True
83J/272G,41841531,True
83J/A,41734474,True
83V,41746113,True
85,1173970,True
85/253L,41750960,True
85/8C,41738423,True
85C,1193524,True
85M,41740935,True
85T,41738161,True
85V,41728907,True
86A,41737592,True
86J,41739930,True
86K,41730340,True
86V,41764343,True
8A,41851978,True
8A/178G,41729650,True
8A/253M,41763899,True
8A/253S,1190181,True
8A/532,1199730,True
8A/539,41749550,True
8A/67L,1156654,True
8A/75A,41736259,True
8A/85,1173900,True
8A/R,1143080,True
8A/U,41735210,True
8C,1106655,True
8C/252,41738158,True
8M,41742584,True
8N,41749853,True
8R,41742580,True
8R/251M,41831301,True
8R/251M/A,41831323,True
90/250,41727767,True
90B/K,41797481,True
90D,41851450,True
90L,41742422,True
90L/22,1225142,True
90L/229,41743371,True
90L/229S,41743372,True
90L/300A,1126757,True
90L/555,41729737,True
90L/V,41743678,True
90N/U,41754695,True
90U,41820146,True
90U/B,41797322,True
92A,41756541,True
92A/251,890650,True
92A/251S,41774319,True
92A/251V,890625,True
92A/450,41808353,True
92A/49M,1092499,True
92A/49M/250,1292141,True
92C/254K,41730398,True
92R,41757091,True
92R/5K,41825605,True
92U/5K,41774352,True
93L,1212864,True
93V,1212869,True
94,41848515,True
94/220K,41821928,True
94R,41759133,True
94R/M,41736463,True
94U,1156602,True
95,1217679,True
95K,1964205,True
95K/1Z,41746041,True
95M,41728214,True
95M/1Z,1965010,True
95P,41840641,True
96,41771270,True
96B,1209307,True
96N,1136155,True
9EM,41740811,True
9F,41734716,True
9K,1142837,True
9K/102,1193578,True
9K/230P,41743395,True
9K/272G,41738211,True
9M,41815145,True
9M/X,901273,True
9Q,1184595,True
9X,1115256,True
9X/171,1180757,True
9X/171R,41775281,True
9X/230,1184500,True
9X/272,1115203,True
9X/272G,41727105,True
9X/283C,41777598,True
9X/41C,41750176,True
9X/72V,41764800,True
9XC/230P,863593,True
9Y/F,1144748,True
AA,633851,True
AC,639659,True
AJ,41752398,True
AK,41753766,True
AL,626330,True
AM,636693,True
