City Name,Type Of Bus (Ac / Non Ac),No. of buses of that type,No. of bus terminals,No. of bus stands,No. of bus stops
Agartala,AC,11.0,3.0,6.0,48.0
Agartala,Non AC,162.0,3.0,6.0,48.0
Agra,Non AC,170.0,20.0,5.0,30.0
Ahmedabad,AC,189.0,16.0,1157.0,1157.0
Ahmedabad,Non AC,751.0,16.0,1157.0,1157.0
Belagavi,Non AC,65.0,1.0,2.0,33.0
Bengaluru,AC,850.0,13.0,40.0,2212.0
Bengaluru,Non AC,5827.0,13.0,40.0,2212.0
Bhopal,AC,20.0,1.0,3.0,322.0
Bhopal,Non AC,205.0,1.0,3.0,322.0
Bhopal,Midi Buses,62.0,1.0,3.0,322.0
Chandigarh,AC,193.0,2.0,2.0,268.0
Chandigarh,Non AC,199.0,2.0,2.0,268.0
Chennai,AC,,44.0,44.0,2415.0
Chennai,Non AC,3740.0,44.0,44.0,2415.0
Dehradun,Non AC,245.0,,29.0,57.0
Erode,Non AC,114.0,7.0,1.0,180.0
Faridabad,AC,30.0,2.0,2.0,26.0
Faridabad,Non AC,35.0,2.0,2.0,20.0
Gwalior,Non AC,2.0,1.0,1.0,48.0
Indore,AC,42.0,1.0,4.0,529.0
Indore,Non AC,247.0,1.0,4.0,529.0
Jabalpur,Non AC,119.0,1.0,2.0,75.0
Jabalpur,AC,2.0,1.0,2.0,12.0
Kakinada,Amaravathi Ac,2.0,1.0,1.0,13.0
Kakinada,Indra  Ac,2.0,1.0,1.0,13.0
Kakinada,Garuda  Ac,10.0,1.0,1.0,13.0
Kakinada,Super Luxury,46.0,1.0,1.0,13.0
Kakinada,Ultra Delux,28.0,1.0,1.0,13.0
Kakinada,Express,22.0,1.0,1.0,13.0
Kakinada,Telugu Velugu,67.0,1.0,1.0,13.0
Kanpur,AC,10.0,22.0,12.0,20.0
Kanpur,Non AC,10.0,22.0,14.0,21.0
Kohima,Non AC,89.0,,5.0,9.0
Kota,Non AC,34.0,1.0,54.0,54.0
Lucknow,AC,15.0,2.0,200.0,230.0
Lucknow,Non AC,30.0,2.0,200.0,230.0
Lucknow,Tata Big Buses,90.0,2.0,200.0,230.0
Lucknow,Swaraj Mazda,125.0,2.0,200.0,230.0
Ludhiana,AC,5.0,1.0,1.0,75.0
Ludhiana,Non AC,75.0,1.0,1.0,75.0
Ludhiana,Midi Buses,40.0,1.0,1.0,75.0
Madurai   City,Non AC,621.0,391.0,6.0,884.0
Nagpur,Non AC,387.0,1.0,,
Pimpri Chichwad,AC,10.0,92.0,100.0,2622.0
Pimpri Chichwad,Non AC,2025.0,92.0,100.0,2622.0
Pune,AC,10.0,92.0,100.0,2622.0
Pune,Non AC,2025.0,92.0,100.0,2622.0
Raipur,AC,30.0,,,
Raipur,Non AC,127.0,,,
Ranchi,Non AC,91.0,35.0,3.0,63.0
Rourkela,Non Ac,,2.0,2.0,30.0
Salem,,317.0,6.0,2.0,96.0
Shillong,Non AC,206.0,4.0,4.0,54.0
Shivamogga,Non AC,32.0,1.0,1.0,0.0
Solapur,AC,10.0,5.0,0.0,217.0
Solapur,Non AC,94.0,5.0,0.0,217.0
Srinagar,Non AC,1536.0,2.0,1.0,
Thane,AC,40.0,20.0,403.0,1170.0
Thane,Non AC,427.0,20.0,403.0,1170.0
Thanjavur,Non AC,152.0,131.0,3.0,80.0
Thiruvananthapuram,AC,56.0,4.0,13.0,1232.0
Thiruvananthapuram,Non AC,321.0,4.0,13.0,1232.0
Tiruchirappalli,Non AC,3253.0,2.0,2.0,274.0
Tirupati,Non AC,50.0,3.0,3.0,55.0
Tiruppur,Non AC,316.0,7.0,2.0,77.0
Tumakuru,Non AC,48.0,1.0,1.0,142.0
Udaipur,AC,,2.0,18.0,18.0
Vadodara,Non AC,130.0,1.0,10.0,300.0
Vadodara,AC,20.0,1.0,10.0,300.0
Visakhapatnam,AC,17.0,126.0,9.0,294.0
Visakhapatnam,CO,296.0,126.0,9.0,294.0
Visakhapatnam,ME,352.0,126.0,9.0,294.0
Warangal,Non AC,110.0,8.0,2.0,194.0
