year_month,year,month,month_str,closed_loop_ridership,closed_loop_pct,qr_ridership,qr_pct,ncmc_ridership,ncmc_pct,total_ridership,city,operator,source,ridership_sum,ridership_diff
2023-04,2023,4,Apr-23,4377813.0,65.15,2339724,34.82,1973,0.03,6719510,Chennai,CMRL,OpenCity.in monthly ridership,6719510.0,0.0
2023-05,2023,5,May-23,4617409.0,63.26,2676546,36.67,5138,0.07,7299093,Chennai,CMRL,OpenCity.in monthly ridership,7299093.0,0.0
2023-06,2023,6,Jun-23,4873031.0,65.9,2515727,34.02,5938,0.08,7394696,Chennai,CMRL,OpenCity.in monthly ridership,7394696.0,0.0
2023-07,2023,7,Jul-23,5189442.0,62.87,2910875,35.26,154244,1.87,8254561,Chennai,CMRL,OpenCity.in monthly ridership,8254561.0,0.0
2023-08,2023,8,Aug-23,5089362.0,59.25,3105583,36.15,395267,4.6,8590212,Chennai,CMRL,OpenCity.in monthly ridership,8590212.0,0.0
2023-09,2023,9,Sep-23,4639304.0,54.99,3254175,38.57,543703,6.44,8437182,Chennai,CMRL,OpenCity.in monthly ridership,8437182.0,0.0
2023-10,2023,10,Oct-23,4477119.0,52.36,3420155,40.0,653161,7.64,8550435,Chennai,CMRL,OpenCity.in monthly ridership,8550435.0,0.0
2023-11,2023,11,Nov-23,4059639.0,50.73,3233710,40.41,708351,8.85,8001700,Chennai,CMRL,OpenCity.in monthly ridership,8001700.0,0.0
2023-12,2023,12,Dec-23,3712884.0,45.71,3711580,45.69,698817,8.6,8123281,Chennai,CMRL,OpenCity.in monthly ridership,8123281.0,0.0
2024-01,2024,1,Jan-24,3817160.0,45.09,3746808,44.26,902342,10.66,8466310,Chennai,CMRL,OpenCity.in monthly ridership,8466310.0,0.0
2024-02,2024,2,Feb-24,3932344.0,45.63,3505644,40.68,1180126,13.69,8618114,Chennai,CMRL,OpenCity.in monthly ridership,8618114.0,0.0
2024-03,2024,3,Mar-24,3824407.0,44.05,3462083,39.87,1395969,16.08,8682459,Chennai,CMRL,OpenCity.in monthly ridership,8682459.0,0.0
2024-04,2024,4,Apr-24,3389863.0,41.91,3334498,41.23,1363351,16.86,8087712,Chennai,CMRL,OpenCity.in monthly ridership,8087712.0,0.0
2024-05,2024,5,May-24,3268680.0,38.81,3697776,43.91,1455164,17.28,8421620,Chennai,CMRL,OpenCity.in monthly ridership,8421620.0,0.0
2024-06,2024,6,Jun-24,3167520.0,37.56,3705316,43.93,1561001,18.51,8433837,Chennai,CMRL,OpenCity.in monthly ridership,8433837.0,0.0
2024-07,2024,7,Jul-24,3566434.0,37.4,3972106,41.66,1996479,20.94,9535019,Chennai,CMRL,OpenCity.in monthly ridership,9535019.0,0.0
2024-08,2024,8,Aug-24,3364866.0,35.22,4106716,42.99,2081098,21.79,9552680,Chennai,CMRL,OpenCity.in monthly ridership,9552680.0,0.0
2024-09,2024,9,Sep-24,3113865.0,33.56,4073640,43.91,2090678,22.53,9278183,Chennai,CMRL,OpenCity.in monthly ridership,9278183.0,0.0
2024-10,2024,10,Oct-24,2897855.0,32.11,4075666,45.16,2050699,22.72,9024220,Chennai,CMRL,OpenCity.in monthly ridership,9024220.0,0.0
2024-11,2024,11,Nov-24,2756837.0,32.97,3562463,42.61,2042192,24.42,8361492,Chennai,CMRL,OpenCity.in monthly ridership,8361492.0,0.0
2024-12,2024,12,Dec-24,2760660.0,31.59,3774277,43.19,2203456,25.22,8738393,Chennai,CMRL,OpenCity.in monthly ridership,8738393.0,0.0
2025-01,2025,1,Jan-25,2388008.0,27.45,3780386,43.46,2530965,29.09,8699359,Chennai,CMRL,OpenCity.in monthly ridership,8699359.0,0.0
2025-02,2025,2,Feb-25,1487132.0,17.16,3756385,43.35,3422286,39.49,8665803,Chennai,CMRL,OpenCity.in monthly ridership,8665803.0,0.0
2025-03,2025,3,Mar-25,991621.0,10.77,3965992,43.06,4252456,46.17,9210069,Chennai,CMRL,OpenCity.in monthly ridership,9210069.0,0.0
2025-04,2025,4,Apr-25,617424.0,7.05,3911883,44.66,4230281,48.29,8759588,Chennai,CMRL,OpenCity.in monthly ridership,8759588.0,0.0
2025-05,2025,5,May-25,587872.0,6.6,4233865,47.52,4087992,45.88,8909729,Chennai,CMRL,OpenCity.in monthly ridership,8909729.0,0.0
2025-06,2025,6,Jun-25,610579.0,6.62,4205806,45.62,4403578,47.76,9219963,Chennai,CMRL,OpenCity.in monthly ridership,9219963.0,0.0
2025-07,2025,7,Jul-25,652808.0,6.24,4651897,44.44,5164027,49.33,10468732,Chennai,CMRL,OpenCity.in monthly ridership,10468732.0,0.0
2025-08,2025,8,Aug-25,225972.0,2.28,4798432,48.49,4871826,49.23,9896230,Chennai,CMRL,OpenCity.in monthly ridership,9896230.0,0.0
2025-09,2025,9,Sep-25,115761.0,1.14,4834104,47.64,5196904,51.22,10146769,Chennai,CMRL,OpenCity.in monthly ridership,10146769.0,0.0
2025-10,2025,10,Oct-25,77241.0,0.83,4491334,48.15,4759171,51.02,9327746,Chennai,CMRL,OpenCity.in monthly ridership,9327746.0,0.0
2025-11,2025,11,Nov-25,60325.0,0.65,4377946,47.14,4848485,52.21,9286756,Chennai,CMRL,OpenCity.in monthly ridership,9286756.0,0.0
2025-12,2025,12,Dec-25,51828.0,0.55,4545701,48.02,4868978,51.43,9466507,Chennai,CMRL,OpenCity.in monthly ridership,9466507.0,0.0
2026-01,2026,1,Jan-26,44660.0,0.48,4623635,49.6,4652834,49.92,9321129,Chennai,CMRL,OpenCity.in monthly ridership,9321129.0,0.0
2026-02,2026,2,Feb-26,38205.0,0.4,4668552,48.54,4911328,51.06,9618085,Chennai,CMRL,OpenCity.in monthly ridership,9618085.0,0.0
2026-03,2026,3,Mar-26,33349.0,0.33,4860707,47.73,5290363,51.95,10184419,Chennai,CMRL,OpenCity.in monthly ridership,10184419.0,0.0
2026-04,2026,4,Apr-26,25660.0,0.29,4433897,49.39,4518247,50.33,8977804,Chennai,CMRL,OpenCity.in monthly ridership,8977804.0,0.0
2026-05,2026,5,May-26,1863.0,0.02,4711455,52.55,4251729,47.43,8965047,Chennai,CMRL,OpenCity.in monthly ridership,8965047.0,0.0
2026-06,2026,6,Jun-26,,0.0,4755581,49.34,4883485,50.66,9639066,Chennai,CMRL,OpenCity.in monthly ridership,9639066.0,0.0
