station_id,station_name,latitude,longitude,city,operator,source,@id,colour,name,name:kn,network,old_name,public_transport,railway,station,subway,wheelchair,wikipedia,alt_name,code,lit,name:ml,public_transport:version,shelter,website,parking,wikidata,layer,platforms,name:etymology:wikidata,short_name,start_date,tunnel,level
BLR_001,Whitefield (Kadugodi),12.9956461,77.757859,Bengaluru,BMRCL,OpenCity.in KML,node/5760197744,#e542de,Whitefield (Kadugodi),ವೈಟ್‌ಫೀಲ್ಡ್ (ಕಾಡುಗೋಡಿ),Namma Metro,Whitefield,station,station,subway,yes,yes,en:Whitefield metro station,,,,,,,,,,,,,,,,
BLR_002,Hopefarm Channasandra,12.9871126,77.7537582,Bengaluru,BMRCL,OpenCity.in KML,node/5760197745,#e542de,Hopefarm Channasandra,ಹೋಪ್ ಫಾರ್ಮ್ ಚನ್ನಸಂದ್ರ,Namma Metro,Channasandra,station,station,subway,yes,yes,en:Channasandra metro station,,,,,,,,,,,,,,,,
BLR_003,Kadugodi Tree Park,12.9856768,77.7470262,Bengaluru,BMRCL,OpenCity.in KML,node/5760197748,#e542de,Kadugodi Tree Park,ಕಾಡುಗೋಡಿ ಟ್ರೀ ಪಾರ್ಕ್,Namma Metro,Kadugodi,station,station,subway,yes,yes,en:Kadugodi metro station,,,,,,,,,,,,,,,,
BLR_004,Pattandur Agrahara,12.9876393,77.7377718,Bengaluru,BMRCL,OpenCity.in KML,node/5760197749,#e542de,Pattandur Agrahara,ಪಟ್ಟಂದೂರು ಅಗ್ರಹಾರ,Namma Metro,,station,station,subway,yes,yes,en:Pattandur Agrahara metro station,,,,,,,,,,,,,,,,
BLR_005,Sathya Sai Hospital,12.9811949,77.7275361,Bengaluru,BMRCL,OpenCity.in KML,node/5760197751,#e542de,Sathya Sai Hospital,ಶ್ರೀ ಸತ್ಯ ಸಾಯಿ ಆಸ್ಪತ್ರೆ,Namma Metro,Sri Satya Sai Hospital,station,station,subway,yes,yes,en:Sri Sathya Sai Hospital metro station,,,,,,,,,,,,,,,,
BLR_006,Nallurahalli,12.9766408,77.7248845,Bengaluru,BMRCL,OpenCity.in KML,node/5760197754,#e542de,Nallurahalli,ನಲ್ಲೂರಹಳ್ಳಿ,Namma Metro,,station,station,subway,yes,yes,en:Nallurhalli metro station,,,,,,,,,,,,,,,,
BLR_007,Kundalahalli,12.977594,77.7155586,Bengaluru,BMRCL,OpenCity.in KML,node/5760197755,#e542de,Kundalahalli,ಕುಂದಲಹಳ್ಳಿ,Namma Metro,,station,station,subway,yes,yes,en:Kundalahalli metro station,,,,,,,,,,,,,,,,
BLR_008,Seetharampalya,12.9809532,77.7087519,Bengaluru,BMRCL,OpenCity.in KML,node/5760197757,,Seetharampalya,ಸೀತಾರಾಮ ಪಾಳ್ಯ,Namma Metro,,station,station,subway,yes,yes,en:Sitharama Palya metro station,Sitaramapalya,,,,,,,,,,,,,,,
BLR_009,Hoodi,12.9888029,77.711326,Bengaluru,BMRCL,OpenCity.in KML,node/5760197761,#e542de,Hoodi,ಹೂಡಿ,Namma Metro,Hoodi Junction,station,station,subway,yes,yes,en:Hoodi Junction metro station,,,,,,,,,,,,,,,,
BLR_010,Garudacharpalya,12.9934505,77.7036768,Bengaluru,BMRCL,OpenCity.in KML,node/5760197762,#e542de,Garudacharpalya,ಗರುಡಾಚಾರ್ ಪಾಳ್ಯ,Namma Metro,,station,station,subway,yes,yes,en:Garudacharapalya metro station,ಗರುಡಾಚಾರ್ ಪಾಳ್ಯ,,,,,,,,,,,,,,,
BLR_011,Singayyanapalya,12.9965445,77.6927176,Bengaluru,BMRCL,OpenCity.in KML,node/5760197764,#e542de,Singayyanapalya,ಸಿಂಗಯ್ಯನಪಾಳ್ಯ,Namma Metro,Mahadevapura,station,station,subway,yes,yes,en:Mahadevapura metro station,Mahadevapura,,,,,,,,,,,,,,,
BLR_012,Krishnarajapura,12.9999042,77.6776721,Bengaluru,BMRCL,OpenCity.in KML,node/5760197765,#e542de,Krishnarajapura,ಕೃಷ್ಣರಾಜಪುರ (ಕೆ.ಆರ್.ಪುರ),Namma Metro,K R Pura,station,station,subway,yes,yes,en:Krishnarajapuram metro station,,,,,,,,,,,,,,,,
BLR_013,Nagasandra,13.0479497,77.5001349,Bengaluru,BMRCL,OpenCity.in KML,node/5960788723,,Nagasandra,ನಾಗಸಂದ್ರ,Namma Metro,,station,station,subway,yes,yes,,,NGSA,yes,നാഗസന്ദ്ര,2,yes,https://english.brmc.co.in,,,,,,,,,
BLR_014,Dasarahalli,13.0432607,77.5125535,Bengaluru,BMRCL,OpenCity.in KML,node/5960788724,,Dasarahalli,ದಾಸರಹಳ್ಳಿ,Namma Metro,,station,station,subway,yes,yes,,,DSH,yes,ദാസറഹള്ളി,2,yes,https://english.brmc.co.in,,,,,,,,,
BLR_015,Jalahalli,13.0394104,77.5197351,Bengaluru,BMRCL,OpenCity.in KML,node/5960788725,,Jalahalli,ಜಾಲಹಳ್ಳಿ,Namma Metro,,station,station,subway,yes,yes,en:Jalahalli metro station,,JLHL,yes,ജാലഹള്ളി,2,yes,https://english.brmc.co.in,yes,Q30647031,,,,,,,
BLR_016,Srirampura,12.9965253,77.5631963,Bengaluru,BMRCL,OpenCity.in KML,node/5960788726,,Srirampura,ಶ್ರೀರಾಮಪುರ,Namma Metro,,station,station,subway,yes,yes,,,SPRU,yes,ശ്രീരാംപുര,2,yes,https://english.brmc.co.in,,,,,,,,,
BLR_017,Baiyyappanahalli,12.9907623,77.6523976,Bengaluru,BMRCL,OpenCity.in KML,node/6400857549,,Baiyyappanahalli,ಬೈಯ್ಯಪ್ಪನಹಳ್ಳಿ ಮೆಟ್ರೋ ನಿಲ್ದಾಣ,Namma Metro,,station,station,subway,yes,yes,,,BYPH,yes,ബൈയപ്പനഹള്ളി,2,yes,https://english.brmc.co.in,,,1,2,,,,,
BLR_018,Swami Vivekananda Road,12.9859306,77.644897,Bengaluru,BMRCL,OpenCity.in KML,node/6400857550,,Swami Vivekananda Road,ಸ್ವಾಮಿ ವಿವೇಕಾನಂದ ರಸ್ತೆ,Namma Metro,,station,station,subway,yes,yes,,,SVRD,yes,സ്വാമി വിവേകാനന്ദ റോഡ്,2,yes,https://english.brmc.co.in,,,1,2,Q47478,,,,
BLR_019,Indiranagar,12.9783325,77.6386612,Bengaluru,BMRCL,OpenCity.in KML,node/6400857551,,Indiranagar,ಇಂದಿರಾನಗರ,Namma Metro,,station,station,subway,yes,yes,,,IDNG,yes,ഇന്ദിരാനഗർ,2,yes,https://english.brmc.co.in,,,1,2,,,,,
BLR_020,Halasuru,12.9764992,77.626686,Bengaluru,BMRCL,OpenCity.in KML,node/6400857552,,Halasuru,ಹಲಸೂರು,Namma Metro,,station,station,subway,yes,yes,,,HLRU,yes,ഹലസുരു,2,yes,https://english.brmc.co.in,,,1,2,,,,,
BLR_021,Trinity,12.9730218,77.6170205,Bengaluru,BMRCL,OpenCity.in KML,node/6400857553,,Trinity,ಟ್ರಿನಿಟಿ ಮೆಟ್ರೊ ನಿಲ್ದಾಣ,Namma Metro,,station,station,subway,yes,yes,,,TTY,yes,ട്രിനിറ്റി,2,yes,https://english.brmc.co.in,,,1,2,,,,,
BLR_022,Mahatma Gandhi Road,12.9755264,77.6067902,Bengaluru,BMRCL,OpenCity.in KML,node/6400857554,,Mahatma Gandhi Road,ಮಹಾತ್ಮ ಗಾಂಧಿ ರಸ್ತೆ,Namma Metro,,station,station,subway,yes,yes,en:Mahatma Gandhi Road metro station (Bangalore),Plaza Theatre Metro Station,MAGR,yes,മഹാത്മാഗാന്ധി റോഡ്,2,yes,https://english.brmc.co.in,,Q5539354,1,2,,MG Road,20-10-2011,,
BLR_023,Cubbon Park,12.9809575,77.5975756,Bengaluru,BMRCL,OpenCity.in KML,node/6400857555,,Cubbon Park,ಕಬ್ಬನ್ ಪಾರ್ಕ್,Namma Metro,,station,station,subway,yes,yes,,,CBPK,,കബ്ബൺ പാർക്ക്,2,yes,https://english.brmc.co.in,,,,,Q6767214,,,yes,
BLR_024,"Dr. B R Ambedkar Station, Vidhana Soudha",12.9787419,77.5916385,Bengaluru,BMRCL,OpenCity.in KML,node/6400857556,,"Dr. B R Ambedkar Station, Vidhana Soudha","ಡಾ.ಬಿ.ಆರ್. ಅಂಬೇಡ್ಕರ್ ಠಾಣೆ, ವಿಧಾನಸೌಧ",Namma Metro,,station,station,subway,yes,yes,,,VDSA,,"ഡോ.ബി.ആർ. അംബേദ്കർ സ്റ്റേഷൻ, വിധാന സൗധ",2,yes,https://english.brmc.co.in,,,,,,,,yes,
BLR_025,Sir M Vishweshwariah - Central College,12.9745197,77.58422,Bengaluru,BMRCL,OpenCity.in KML,node/6400857557,,Sir M Vishweshwariah - Central College,ಸರ್ ಎಂ ವಿಶ್ವೇಶ್ವರಯ್ಯ - ಸೆಂಟ್ರಲ್ ಕಾಲೇಜು,Namma Metro,,station,station,subway,yes,yes,,Central College,VSWA,,സർ എം വിശ്വേശ്വരയ്യ - സെൻട്രൽ കോളേജ്,2,yes,https://english.brmc.co.in,,,,,,,,yes,
BLR_026,"Nadaprabhu Kempegowda Station, Majestic",12.9757079,77.5728757,Bengaluru,BMRCL,OpenCity.in KML,node/6400857558,,"Nadaprabhu Kempegowda Station, Majestic","ನಾಡಪ್ರಭು ಕೆಂಪೇಗೌಡ ನಿಲ್ದಾಣ, ಮೆಜೆಸ್ಟಿಕ್",,,station,station,subway,yes,yes,en:Majestic metro station,,KGWA,,"നാടപ്രഭു കെമ്പഗൗഡ സ്റ്റേഷൻ, മജസ്റ്റിക്",2,yes,https://english.brmc.co.in,,Q6737727,,,Q6387049,,,,-2;-1;0
BLR_027,Krantivira Sangolli Rayanna,12.9758768,77.5653767,Bengaluru,BMRCL,OpenCity.in KML,node/6400857559,,Krantivira Sangolli Rayanna,ಕ್ರಾಂತಿವೀರ ಸಂಗೊಳ್ಳಿ ರಾಯಣ್ಣ,Namma Metro,,station,station,subway,yes,yes,,,BRCS,,ക്രാന്തിവീര സങ്കൊല്ലി രായണ്ണ,2,yes,https://english.brmc.co.in,,,,,,,,,
BLR_028,Magadi Road,12.975632,77.5553523,Bengaluru,BMRCL,OpenCity.in KML,node/6400857560,,Magadi Road,ಮಾಗಡಿ ರಸ್ತೆ ಮೆಟ್ರೊ,Namma Metro,,station,station,subway,yes,yes,,,MIRD,,മാഗഡി റോഡ്,2,yes,https://english.brmc.co.in,,,,,,,,,
BLR_029,"Sri Balagangadaranatha Swamy, Hosahalli",12.9742933,77.5456215,Bengaluru,BMRCL,OpenCity.in KML,node/6400857561,,"Sri Balagangadaranatha Swamy, Hosahalli",ಶ್ರೀ ಬಾಲಗಂಗಾಧರನಾಥ ಮೆಟ್ರೋ,Namma Metro,,station,station,subway,yes,yes,,,HSLI,,"ശ്രീ ബാലഗംഗാധരനാഥ സ്വാമി, ഹൊസഹള്ളി",2,yes,https://english.brmc.co.in,,,,,,,,,
BLR_030,Vijayanagara,12.9709559,77.5374044,Bengaluru,BMRCL,OpenCity.in KML,node/6400857562,,Vijayanagara,ವಿಜಯನಗರ,Namma Metro,,station,station,subway,yes,yes,,,VJNR,,വിജയനഗര,2,yes,https://english.brmc.co.in,,,,,,,,,
BLR_031,Attiguppe,12.9618931,77.5335788,Bengaluru,BMRCL,OpenCity.in KML,node/6400857563,,Attiguppe,ಅತ್ತಿಗುಪ್ಪೆ ಮೆಟ್ರೋ,Namma Metro,,station,station,subway,yes,yes,,,AGPP,,അത്തിഗുപ്പെ,2,yes,https://english.brmc.co.in,,,,,,,,,
BLR_032,Deepanjali Nagar,12.9520578,77.5370122,Bengaluru,BMRCL,OpenCity.in KML,node/6400857564,,Deepanjali Nagar,ದೀಪಾಂಜಲಿ ನಗರ,Namma Metro,,station,station,subway,yes,yes,,,DJNR,,ദീപാഞ്ജലി നഗർ,2,yes,https://english.brmc.co.in,,,,,,,,,
BLR_033,Mysore Road,12.9467183,77.5301588,Bengaluru,BMRCL,OpenCity.in KML,node/6400857565,,Mysore Road,ಮೈಸೂರು ರಸ್ತೆ ಮೆಟ್ರೋ,Namma Metro,,station,station,subway,yes,yes,,,MYRD,,മൈസൂർ റോഡ്,2,yes,https://english.brmc.co.in,,,,,,,,,
BLR_034,Mantri Square Sampige Road,12.9904629,77.5707293,Bengaluru,BMRCL,OpenCity.in KML,node/6410706688,,Mantri Square Sampige Road,ಮಂತ್ರಿ ಸ್ಕ್ವೇರ್ ಸಂಪಿಗೆ ರಸ್ತೆ,Namma Metro,,station,station,subway,yes,yes,,,SPGD,,മന്ത്രി സ്ക്വയർ സമ്പിഗെ റോഡ്,2,yes,https://english.brmc.co.in,,,,,,,,,
BLR_035,Mahakavi Kuvempu Road,12.9985297,77.5568986,Bengaluru,BMRCL,OpenCity.in KML,node/6410706689,,Mahakavi Kuvempu Road,ಮಹಾಕವಿ ಕುವೆಂಪು ರಸ್ತೆ,Namma Metro,,station,station,subway,yes,yes,,,KVPR,,മഹാകവി കുവെമ്പു റോഡ്,2,yes,https://english.brmc.co.in,,,,,Q3351108,,,,
BLR_036,Rajajinagar,13.0005247,77.5496568,Bengaluru,BMRCL,OpenCity.in KML,node/6410706690,,Rajajinagar,ರಾಜಾಜಿನಗರ,Namma Metro,,station,station,subway,yes,yes,,,RJNR,,രാജാജിനഗർ,2,yes,https://english.brmc.co.in,,,,,,,,,
BLR_037,Mahalakshmi,13.0080952,77.5487134,Bengaluru,BMRCL,OpenCity.in KML,node/6410706691,,Mahalakshmi,ಮಹಾಲಕ್ಷ್ಮಿ,Namma Metro,,station,station,subway,yes,yes,,,MHLI,,മഹാലക്ഷ്മി,2,yes,https://english.brmc.co.in,,,,,,,,,
BLR_038,Sandal Soap Factory,13.0146544,77.5539839,Bengaluru,BMRCL,OpenCity.in KML,node/6410706692,,Sandal Soap Factory,ಸಾಂಡಲ್ ಸೋಪ್ ಕಾರ್ಖಾನೆ,Namma Metro,,station,station,subway,yes,yes,,,SSFY,,സാൻഡൽ സോപ്പ് ഫാക്ടറി,2,yes,https://english.brmc.co.in,,,,,,,,,
BLR_039,Goraguntepalya,13.0284078,77.5408961,Bengaluru,BMRCL,OpenCity.in KML,node/6410706694,,Goraguntepalya,ಗೊರಗುಂಟೆಪಾಳ್ಯ,Namma Metro,,station,station,subway,yes,yes,,,YPI,,ഗോരഗുണ്ടെപാൾയ,2,yes,https://english.brmc.co.in,,,,,,,,,
BLR_040,Peenya,13.0330189,77.533201,Bengaluru,BMRCL,OpenCity.in KML,node/6410706695,,Peenya,ಪೀಣ್ಯ,Namma Metro,,station,station,subway,yes,yes,,,PEYA,,പീണ്യ,2,yes,https://english.brmc.co.in,,,,,,,,,
BLR_041,Peenya Industry,13.0363176,77.5254924,Bengaluru,BMRCL,OpenCity.in KML,node/6410706696,,Peenya Industry,ಪೀಣ್ಯ ಇಂಡಸ್ಟ್ರಿ,Namma Metro,,station,station,subway,yes,yes,,,PYID,,പീണ്യ ഇൻഡസ്ട്രി,2,yes,https://english.brmc.co.in,,,,,,,,,
BLR_042,Yelachenahalli,12.8960498,77.5701194,Bengaluru,BMRCL,OpenCity.in KML,node/6432710292,,Yelachenahalli,ಯಲಚೇನಹಳ್ಳಿ,Namma Metro,,station,station,subway,yes,yes,,,PUTH,yes,യലച്ചേനഹള്ളി,2,yes,https://english.brmc.co.in,,,1,2,,,,,
BLR_043,J P Nagar,12.9074747,77.5731279,Bengaluru,BMRCL,OpenCity.in KML,node/6432710293,,J P Nagar,ಜೆಪಿ ನಗರ,Namma Metro,,station,station,subway,yes,yes,,,JPN,yes,ജെ പി നഗർ,2,yes,https://english.brmc.co.in,,,1,2,,,,,
BLR_044,Banashankari,12.9152208,77.573598,Bengaluru,BMRCL,OpenCity.in KML,node/6432710294,,Banashankari,ಬನಶಂಕರಿ,Namma Metro,,station,station,subway,yes,yes,,,BSNK,yes,ബനശങ്കരി,2,yes,https://english.brmc.co.in,,,1,2,,,,,
BLR_045,Rashtriya Vidyalaya Road,12.9213258,77.5802295,Bengaluru,BMRCL,OpenCity.in KML,node/6432710295,,Rashtriya Vidyalaya Road,ರಾಷ್ಟ್ರೀಯ ವಿದ್ಯಾಲಯ ರಸ್ತೆ,Namma Metro,,station,station,subway,yes,yes,,,RVR,yes,രാഷ്ട്രീയ വിദ്യാലയ റോഡ്,2,yes,https://english.brmc.co.in,,,1,2,,,,,
BLR_046,Jayanagar,12.9295069,77.5801439,Bengaluru,BMRCL,OpenCity.in KML,node/6432710296,,Jayanagar,ಜಯನಗರ,Namma Metro,,station,station,subway,yes,yes,,,JYN,yes,ജയനഗർ,2,yes,https://english.brmc.co.in,,,1,2,,,,,
BLR_047,South End Circle,12.9382573,77.5800556,Bengaluru,BMRCL,OpenCity.in KML,node/6432710297,,South End Circle,ತಿ.ನಂ.ಶ್ರೀ ವೃತ್ತ,Namma Metro,,station,station,subway,yes,yes,,,SECE,yes,സൗത്ത് എൻഡ് സർക്കിൾ,2,yes,https://english.brmc.co.in,,,1,2,,,,,
BLR_048,Lalbagh,12.9465265,77.580016,Bengaluru,BMRCL,OpenCity.in KML,node/6432710298,,Lalbagh,ಲಾಲ್ ಬಾಗ್,Namma Metro,,station,station,subway,yes,yes,,,LBGH,yes,ലാൽബാഗ്,2,yes,https://english.brmc.co.in,,,1,2,,,,,
BLR_049,National College,12.9505161,77.5736794,Bengaluru,BMRCL,OpenCity.in KML,node/6432710299,,National College,ನ್ಯಾಶನಲ್ ಕಾಲೇಜು,Namma Metro,,station,station,subway,yes,yes,,,NLC,yes,നാഷണൽ കോളേജ്,2,yes,https://english.brmc.co.in,,,1,2,,,,,
BLR_050,Krishna Rajendra Market,12.9608788,77.5746578,Bengaluru,BMRCL,OpenCity.in KML,node/6432710300,,Krishna Rajendra Market,ಕೃಷ್ಣರಾಜೇಂದ್ರ ಮಾರುಕಟ್ಟೆ,Namma Metro,,station,station,subway,yes,yes,,,KRMT,yes,കൃഷ്ണ രാജേന്ദ്ര മാർക്കറ്റ്,2,yes,https://english.brmc.co.in,,,,,,,,yes,
BLR_051,Chikkapete,12.9668935,77.5745663,Bengaluru,BMRCL,OpenCity.in KML,node/6432710301,,Chikkapete,ಚಿಕ್ಕಪೇಟೆ,Namma Metro,,station,station,subway,yes,yes,,,CKPE,yes,ചിക്കപ്പേട്ട,2,yes,https://english.brmc.co.in,,,,,,,,yes,
BLR_052,Jnana Bharathi,12.9354357,77.5124063,Bengaluru,BMRCL,OpenCity.in KML,node/9049846515,,Jnana Bharathi,ಜ್ಞಾನ ಭಾರತಿ,Namma Metro,,station,station,subway,yes,yes,,,BGUC,,ജ്ഞാന ഭാരതി,2,yes,https://english.brmc.co.in,,,,,,,,,
BLR_053,Nayandahalli,12.9416715,77.5251166,Bengaluru,BMRCL,OpenCity.in KML,node/9050797592,,Nayandahalli,ನಾಯಂಡಹಳ್ಳಿ,Namma Metro,,station,station,subway,yes,,,,NYHM,,നായണ്ടഹള്ളി,,,https://english.brmc.co.in,,,,,,,,,
BLR_054,Kengeri Bus Terminal,12.914689,77.4878557,Bengaluru,BMRCL,OpenCity.in KML,node/9051395755,,Kengeri Bus Terminal,ಕೆಂಗೇರಿ ಬಸ್ ಟರ್ಮಿನಲ್,Namma Metro,,station,station,subway,yes,,,,MLSD,,കെങ്കേരി ബസ് ടെർമിനൽ,,,https://english.brmc.co.in,,,,,,,,,
BLR_055,Kengeri,12.9079105,77.4765784,Bengaluru,BMRCL,OpenCity.in KML,node/9051405243,,Kengeri,ಕೆಂಗೇರಿ,Namma Metro,,station,station,subway,yes,,,,KGIT,,കെങ്കേരി,,,https://english.brmc.co.in,,,,,,,,,
BLR_056,Rajarajeshwari Nagar,12.9365996,77.5196788,Bengaluru,BMRCL,OpenCity.in KML,node/9051410519,,Rajarajeshwari Nagar,ರಾಜರಾಜೇಶ್ವರಿ ನಗರ,Namma Metro,,station,station,subway,yes,,,,RRRN,,രാജരാജേശ്വരി നഗർ,,,https://english.brmc.co.in,,,,,,,,,
BLR_057,Pattanagere,12.9242505,77.4983509,Bengaluru,BMRCL,OpenCity.in KML,node/9051417969,,Pattanagere,ಪಟ್ಟಣಗೆರೆ,Namma Metro,,station,station,subway,yes,,,,PATG,,പട്ടനഗരെ,,,https://english.brmc.co.in,,,,,,,,,
BLR_058,Silk Institute,12.8617298,77.5299545,Bengaluru,BMRCL,OpenCity.in KML,node/9919651773,,Silk Institute,ರೇಷ್ಮೆ ಸಂಸ್ಥೆ,Namma Metro,,station,station,subway,yes,yes,,,APTS,,സിൽക്ക് ഇൻസ്റ്റിറ്റ്യൂട്ട്,,yes,,,,,2,,,,,
BLR_059,Thalaghattapura,12.8714097,77.5383958,Bengaluru,BMRCL,OpenCity.in KML,node/9919651774,,Thalaghattapura,ತಲಘಟ್ಟಪುರ,Namma Metro,,station,station,subway,yes,yes,,,TGTP,,തലഘട്ടപുര,,yes,,,,,2,,,,,
BLR_060,Vajarahalli,12.8774369,77.5447414,Bengaluru,BMRCL,OpenCity.in KML,node/9919651775,,Vajarahalli,ವಾಜರಹಳ್ಳಿ,Namma Metro,,station,station,subway,yes,yes,,,VJRH,,വാജറഹള്ളി,,yes,,,,,2,,,,,
BLR_061,Doddakallasandra,12.8846435,77.5527546,Bengaluru,BMRCL,OpenCity.in KML,node/9919651776,,Doddakallasandra,ದೊಡ್ಡಕಲ್ಲಸಂದ್ರ,Namma Metro,,station,station,subway,yes,yes,,,KLPK,,ദൊഡ്ഡകല്ലസന്ദ്ര,,yes,,,,,2,,,,,
BLR_062,Konanakunte Cross,12.8889671,77.5626665,Bengaluru,BMRCL,OpenCity.in KML,node/9919651777,,Konanakunte Cross,ಕೋಣನಕುಂಟೆ ಕ್ರಾಸ್,Namma Metro,,station,station,subway,yes,yes,,,APRC,yes,യലച്ചേനഹള്ളി,2,yes,https://english.brmc.co.in,,,1,2,,,,,
BLR_063,Yeshwanthapura,13.02327288918433,77.54989340981854,Bengaluru,BMRCL,OpenCity.in KML,,,,,,,,,,,,,,,,,,,,,,,,,,,,
