station_code,station_name,city,operator,source
AGPP,Attiguppe,Bengaluru,BMRCL,OpenCity.in station list
APRC,Konanakunte Cross,Bengaluru,BMRCL,OpenCity.in station list
APTS,Silk Institute,Bengaluru,BMRCL,OpenCity.in station list
BGUC,Jnanabharathi,Bengaluru,BMRCL,OpenCity.in station list
BIET,Madavara,Bengaluru,BMRCL,OpenCity.in station list
BMSD,Delta Electronics Bommasandra,Bengaluru,BMRCL,OpenCity.in station list
BNSK,Banashankari,Bengaluru,BMRCL,OpenCity.in station list
BRCS,Krantivira Sangolli Rayanna Railway Station,Bengaluru,BMRCL,OpenCity.in station list
BSNK,Banashankari,Bengaluru,BMRCL,OpenCity.in station list
BSRD,Hosa Road,Bengaluru,BMRCL,OpenCity.in station list
BTML,BTM Layout,Bengaluru,BMRCL,OpenCity.in station list
BYPH,Baiyappanahalli,Bengaluru,BMRCL,OpenCity.in station list
CBPK,Cubbon Park,Bengaluru,BMRCL,OpenCity.in station list
CHPK,Chickpete,Bengaluru,BMRCL,OpenCity.in station list
CKBR,Singasandra,Bengaluru,BMRCL,OpenCity.in station list
CKPE,Chickpete,Bengaluru,BMRCL,OpenCity.in station list
CLG,Challaghatta,Bengaluru,BMRCL,OpenCity.in station list
CLGA,Challaghatta,Bengaluru,BMRCL,OpenCity.in station list
CLGT,Challaghatta,Bengaluru,BMRCL,OpenCity.in station list
DJNR,Deepanjali Nagar,Bengaluru,BMRCL,OpenCity.in station list
DKIA,Hoodi,Bengaluru,BMRCL,OpenCity.in station list
DSH,Dasarahalli,Bengaluru,BMRCL,OpenCity.in station list
ECTN,Infosys Foundation Konappana Agrahara,Bengaluru,BMRCL,OpenCity.in station list
ETCT,Electronic City,Bengaluru,BMRCL,OpenCity.in station list
GDCP,Garudacharpalya,Bengaluru,BMRCL,OpenCity.in station list
HBGI,Biocon Hebbagodi,Bengaluru,BMRCL,OpenCity.in station list
HLRU,Halasuru,Bengaluru,BMRCL,OpenCity.in station list
HOSR,Beratena Agrahara,Bengaluru,BMRCL,OpenCity.in station list
HSKR,Huskur Road,Bengaluru,BMRCL,OpenCity.in station list
HSRL,Bommanahalli,Bengaluru,BMRCL,OpenCity.in station list
IDN,Indiranagar,Bengaluru,BMRCL,OpenCity.in station list
ITPL,Pattandur Agrahara,Bengaluru,BMRCL,OpenCity.in station list
JAYN,Jayanagar,Bengaluru,BMRCL,OpenCity.in station list
JDHP,Jayadeva Hospital,Bengaluru,BMRCL,OpenCity.in station list
JHLI,Jalahalli,Bengaluru,BMRCL,OpenCity.in station list
JIDL,Chikkabidarakallu,Bengaluru,BMRCL,OpenCity.in station list
JLHL,Jalahalli,Bengaluru,BMRCL,OpenCity.in station list
JPN,Jaya Prakash Nagar,Bengaluru,BMRCL,OpenCity.in station list
JTPM,Benniganahalli,Bengaluru,BMRCL,OpenCity.in station list
JYN,Jayanagar,Bengaluru,BMRCL,OpenCity.in station list
KDGD,Kadugodi Tree Park,Bengaluru,BMRCL,OpenCity.in station list
KDNH,Kundalahalli,Bengaluru,BMRCL,OpenCity.in station list
KGIT,Kengeri,Bengaluru,BMRCL,OpenCity.in station list
KLPK,Doddakallasandra,Bengaluru,BMRCL,OpenCity.in station list
KRMA,Krishnarajapura,Bengaluru,BMRCL,OpenCity.in station list
KRMT,Krishna Rajendra Market,Bengaluru,BMRCL,OpenCity.in station list
KRPM,Krishnarajapura,Bengaluru,BMRCL,OpenCity.in station list
KVPR,Mahakavi Kuvempu Road,Bengaluru,BMRCL,OpenCity.in station list
LAGH,Lalbagh,Bengaluru,BMRCL,OpenCity.in station list
LBGH,Lalbagh,Bengaluru,BMRCL,OpenCity.in station list
MAGR,Mahatma Gandhi Road,Bengaluru,BMRCL,OpenCity.in station list
MDVP,Singayyanapalya,Bengaluru,BMRCL,OpenCity.in station list
MGRD,Mahatma Gandhi Road,Bengaluru,BMRCL,OpenCity.in station list
MHLI,Mahalakshmi,Bengaluru,BMRCL,OpenCity.in station list
MIRD,Magadi Road,Bengaluru,BMRCL,OpenCity.in station list
MLSD,Kengeri Bus Terminal,Bengaluru,BMRCL,OpenCity.in station list
MNJN,Manjunathanagara,Bengaluru,BMRCL,OpenCity.in station list
MSRN,Kudlu Gate,Bengaluru,BMRCL,OpenCity.in station list
MYRD,Mysore Road,Bengaluru,BMRCL,OpenCity.in station list
NGSA,Nagasandra,Bengaluru,BMRCL,OpenCity.in station list
NLC,National College,Bengaluru,BMRCL,OpenCity.in station list
NYHM,Pantharapalya - Nayandahalli,Bengaluru,BMRCL,OpenCity.in station list
OFDC,Hongasandra,Bengaluru,BMRCL,OpenCity.in station list
PATC,Pattanagere,Bengaluru,BMRCL,OpenCity.in station list
PATG,Pattanagere,Bengaluru,BMRCL,OpenCity.in station list
PEYA,Peenya,Bengaluru,BMRCL,OpenCity.in station list
PUTH,Yelachenahalli,Bengaluru,BMRCL,OpenCity.in station list
PYID,Peenya Industry,Bengaluru,BMRCL,OpenCity.in station list
RGDT,Ragigudda,Bengaluru,BMRCL,OpenCity.in station list
RJNR,Rajajinagar,Bengaluru,BMRCL,OpenCity.in station list
RRRN,Rajarajeshwari Nagar,Bengaluru,BMRCL,OpenCity.in station list
RVR,Rashtreeya Vidyalaya Road,Bengaluru,BMRCL,OpenCity.in station list
RVRD,Rashtreeya Vidyalaya Road,Bengaluru,BMRCL,OpenCity.in station list
SBJT,Central Silk Board,Bengaluru,BMRCL,OpenCity.in station list
SECE,South End Circle,Bengaluru,BMRCL,OpenCity.in station list
SPGD,Mantri Square Sampige Road,Bengaluru,BMRCL,OpenCity.in station list
SPRU,Srirampura,Bengaluru,BMRCL,OpenCity.in station list
SSFY,Sandal Soap Factory,Bengaluru,BMRCL,OpenCity.in station list
SSHP,Sri Sathya Sai Hospital,Bengaluru,BMRCL,OpenCity.in station list
SVRD,Swami Vivekananda Road,Bengaluru,BMRCL,OpenCity.in station list
TGTP,Thalaghattapura,Bengaluru,BMRCL,OpenCity.in station list
TTY,Trinity,Bengaluru,BMRCL,OpenCity.in station list
UWVL,Hopefarm Channasandra,Bengaluru,BMRCL,OpenCity.in station list
VDHP,Nallurahalli,Bengaluru,BMRCL,OpenCity.in station list
VJN,Vijayanagar,Bengaluru,BMRCL,OpenCity.in station list
VJNR,Vijayanagar,Bengaluru,BMRCL,OpenCity.in station list
VJRH,Vajarahalli,Bengaluru,BMRCL,OpenCity.in station list
VWIA,Seetharampalya,Bengaluru,BMRCL,OpenCity.in station list
WHTM,Whitefield (Kadugodi),Bengaluru,BMRCL,OpenCity.in station list
YPI,Goraguntepalya,Bengaluru,BMRCL,OpenCity.in station list
YPM,Yeshwantpur,Bengaluru,BMRCL,OpenCity.in station list
