station_id,station_name,latitude,longitude,nearest_distance_m,nearest_station_id,nearest_station_name,station_spacing_status,potential_spacing_gap,network_edge_status,catchment_500m,catchment_1km,catchment_2km,coordinate_status,data_confidence,population_status,frequency_status,ridership_status,ward_code,ward_name,ulb_code,ulb_name,district_code,district_name,join_status,source,source_file,source_url
MUM_RAIL_STN_001,Churchgate,18.9352961818815,72.8271919878514,1114.1,MUM_RAIL_STN_023,CSMT,BELOW_MEDIAN_SPACING,False,True,True,True,True,OBSERVED,HIGH,DATA_UNAVAILABLE,DATA_UNAVAILABLE,DATA_UNAVAILABLE,,,,,,,BLOCKED_NO_BOUNDARY_GEOMETRY,BMC via OpenCity.in,mumbai_suburban_stations.kml,https://data.opencity.in/dataset/mumbai-suburban-network-2025
MUM_RAIL_STN_002,Marine Lines,18.9457881977143,72.8238144822946,909.73,MUM_RAIL_STN_003,Charni Road,BELOW_MEDIAN_SPACING,False,True,True,True,True,OBSERVED,HIGH,DATA_UNAVAILABLE,DATA_UNAVAILABLE,DATA_UNAVAILABLE,,,,,,,BLOCKED_NO_BOUNDARY_GEOMETRY,BMC via OpenCity.in,mumbai_suburban_stations.kml,https://data.opencity.in/dataset/mumbai-suburban-network-2025
MUM_RAIL_STN_003,Charni Road,18.9517165867492,72.8185706836947,909.73,MUM_RAIL_STN_002,Marine Lines,BELOW_MEDIAN_SPACING,False,True,True,True,True,OBSERVED,HIGH,DATA_UNAVAILABLE,DATA_UNAVAILABLE,DATA_UNAVAILABLE,,,,,,,BLOCKED_NO_BOUNDARY_GEOMETRY,BMC via OpenCity.in,mumbai_suburban_stations.kml,https://data.opencity.in/dataset/mumbai-suburban-network-2025
MUM_RAIL_STN_004,Grant Road,18.9637045605152,72.8161783832855,784.71,MUM_RAIL_STN_005,Mumbai Central,BELOW_MEDIAN_SPACING,False,True,True,True,True,OBSERVED,HIGH,DATA_UNAVAILABLE,DATA_UNAVAILABLE,DATA_UNAVAILABLE,,,,,,,BLOCKED_NO_BOUNDARY_GEOMETRY,BMC via OpenCity.in,mumbai_suburban_stations.kml,https://data.opencity.in/dataset/mumbai-suburban-network-2025
MUM_RAIL_STN_005,Mumbai Central,18.9698932713685,72.8187988036057,784.71,MUM_RAIL_STN_004,Grant Road,BELOW_MEDIAN_SPACING,False,True,True,True,True,OBSERVED,HIGH,DATA_UNAVAILABLE,DATA_UNAVAILABLE,DATA_UNAVAILABLE,,,,,,,BLOCKED_NO_BOUNDARY_GEOMETRY,BMC via OpenCity.in,mumbai_suburban_stations.kml,https://data.opencity.in/dataset/mumbai-suburban-network-2025
MUM_RAIL_STN_006,Mahalaxmi,18.9822737979282,72.8241537111258,1124.27,MUM_RAIL_STN_027,Chinchpokali,BELOW_MEDIAN_SPACING,False,True,True,True,True,OBSERVED,HIGH,DATA_UNAVAILABLE,DATA_UNAVAILABLE,DATA_UNAVAILABLE,,,,,,,BLOCKED_NO_BOUNDARY_GEOMETRY,BMC via OpenCity.in,mumbai_suburban_stations.kml,https://data.opencity.in/dataset/mumbai-suburban-network-2025
MUM_RAIL_STN_007,Lower Parel,18.9953187079519,72.830172471783,345.28,MUM_RAIL_STN_028,Currey Road,BELOW_MEDIAN_SPACING,False,True,True,True,True,OBSERVED,HIGH,DATA_UNAVAILABLE,DATA_UNAVAILABLE,DATA_UNAVAILABLE,,,,,,,BLOCKED_NO_BOUNDARY_GEOMETRY,BMC via OpenCity.in,mumbai_suburban_stations.kml,https://data.opencity.in/dataset/mumbai-suburban-network-2025
MUM_RAIL_STN_008,Prabhadevi,19.0075631386431,72.8361132046624,259.85,MUM_RAIL_STN_029,Parel,BELOW_MEDIAN_SPACING,False,True,True,True,True,OBSERVED,HIGH,DATA_UNAVAILABLE,DATA_UNAVAILABLE,DATA_UNAVAILABLE,,,,,,,BLOCKED_NO_BOUNDARY_GEOMETRY,BMC via OpenCity.in,mumbai_suburban_stations.kml,https://data.opencity.in/dataset/mumbai-suburban-network-2025
MUM_RAIL_STN_009,Dadar,19.0195608762157,72.8431374888969,175.78,MUM_RAIL_STN_030,Dadar,BELOW_MEDIAN_SPACING,False,True,True,True,True,OBSERVED,HIGH,DATA_UNAVAILABLE,DATA_UNAVAILABLE,DATA_UNAVAILABLE,,,,,,,BLOCKED_NO_BOUNDARY_GEOMETRY,BMC via OpenCity.in,mumbai_suburban_stations.kml,https://data.opencity.in/dataset/mumbai-suburban-network-2025
MUM_RAIL_STN_010,Matunga Road,19.028368597856,72.8469289503764,379.25,MUM_RAIL_STN_031,Matunga,BELOW_MEDIAN_SPACING,False,True,True,True,True,OBSERVED,HIGH,DATA_UNAVAILABLE,DATA_UNAVAILABLE,DATA_UNAVAILABLE,,,,,,,BLOCKED_NO_BOUNDARY_GEOMETRY,BMC via OpenCity.in,mumbai_suburban_stations.kml,https://data.opencity.in/dataset/mumbai-suburban-network-2025
MUM_RAIL_STN_011,Mahim Junction,19.040716517382,72.8469183881933,1454.07,MUM_RAIL_STN_010,Matunga Road,BELOW_MEDIAN_SPACING,False,True,True,True,True,OBSERVED,HIGH,DATA_UNAVAILABLE,DATA_UNAVAILABLE,DATA_UNAVAILABLE,,,,,,,BLOCKED_NO_BOUNDARY_GEOMETRY,BMC via OpenCity.in,mumbai_suburban_stations.kml,https://data.opencity.in/dataset/mumbai-suburban-network-2025
MUM_RAIL_STN_012,Bandra,19.0555892333471,72.8403282370921,1685.07,MUM_RAIL_STN_013,Khar Road,BELOW_MEDIAN_SPACING,False,True,True,True,True,OBSERVED,HIGH,DATA_UNAVAILABLE,DATA_UNAVAILABLE,DATA_UNAVAILABLE,,,,,,,BLOCKED_NO_BOUNDARY_GEOMETRY,BMC via OpenCity.in,mumbai_suburban_stations.kml,https://data.opencity.in/dataset/mumbai-suburban-network-2025
MUM_RAIL_STN_013,Khar Road,19.0698951076843,72.8401277252267,1507.58,MUM_RAIL_STN_014,Santacruz,BELOW_MEDIAN_SPACING,False,True,True,True,True,OBSERVED,HIGH,DATA_UNAVAILABLE,DATA_UNAVAILABLE,DATA_UNAVAILABLE,,,,,,,BLOCKED_NO_BOUNDARY_GEOMETRY,BMC via OpenCity.in,mumbai_suburban_stations.kml,https://data.opencity.in/dataset/mumbai-suburban-network-2025
MUM_RAIL_STN_014,Santacruz,19.0825985273727,72.8417807673674,1507.58,MUM_RAIL_STN_013,Khar Road,BELOW_MEDIAN_SPACING,False,True,True,True,True,OBSERVED,HIGH,DATA_UNAVAILABLE,DATA_UNAVAILABLE,DATA_UNAVAILABLE,,,,,,,BLOCKED_NO_BOUNDARY_GEOMETRY,BMC via OpenCity.in,mumbai_suburban_stations.kml,https://data.opencity.in/dataset/mumbai-suburban-network-2025
MUM_RAIL_STN_015,Vile Parle,19.0997393565481,72.8439996742096,2034.22,MUM_RAIL_STN_014,Santacruz,ABOVE_MEDIAN_SPACING,False,True,True,True,True,OBSERVED,HIGH,DATA_UNAVAILABLE,DATA_UNAVAILABLE,DATA_UNAVAILABLE,,,,,,,BLOCKED_NO_BOUNDARY_GEOMETRY,BMC via OpenCity.in,mumbai_suburban_stations.kml,https://data.opencity.in/dataset/mumbai-suburban-network-2025
MUM_RAIL_STN_016,Andheri,19.1171747947178,72.8465039707666,2072.91,MUM_RAIL_STN_015,Vile Parle,ABOVE_MEDIAN_SPACING,False,True,True,True,True,OBSERVED,HIGH,DATA_UNAVAILABLE,DATA_UNAVAILABLE,DATA_UNAVAILABLE,,,,,,,BLOCKED_NO_BOUNDARY_GEOMETRY,BMC via OpenCity.in,mumbai_suburban_stations.kml,https://data.opencity.in/dataset/mumbai-suburban-network-2025
MUM_RAIL_STN_017,Jogeshwari,19.1365326519053,72.8489736708461,1791.91,MUM_RAIL_STN_101,Ram Mandir,ABOVE_MEDIAN_SPACING,False,True,True,True,True,OBSERVED,HIGH,DATA_UNAVAILABLE,DATA_UNAVAILABLE,DATA_UNAVAILABLE,,,,,,,BLOCKED_NO_BOUNDARY_GEOMETRY,BMC via OpenCity.in,mumbai_suburban_stations.kml,https://data.opencity.in/dataset/mumbai-suburban-network-2025
MUM_RAIL_STN_018,Goregaon,19.1648702815213,72.8496282479856,1553.65,MUM_RAIL_STN_101,Ram Mandir,BELOW_MEDIAN_SPACING,False,True,True,True,True,OBSERVED,HIGH,DATA_UNAVAILABLE,DATA_UNAVAILABLE,DATA_UNAVAILABLE,,,,,,,BLOCKED_NO_BOUNDARY_GEOMETRY,BMC via OpenCity.in,mumbai_suburban_stations.kml,https://data.opencity.in/dataset/mumbai-suburban-network-2025
MUM_RAIL_STN_019,Malad,19.1868335617006,72.8489362808279,2114.8,MUM_RAIL_STN_020,Kandivali,ABOVE_MEDIAN_SPACING,False,True,True,True,True,OBSERVED,HIGH,DATA_UNAVAILABLE,DATA_UNAVAILABLE,DATA_UNAVAILABLE,,,,,,,BLOCKED_NO_BOUNDARY_GEOMETRY,BMC via OpenCity.in,mumbai_suburban_stations.kml,https://data.opencity.in/dataset/mumbai-suburban-network-2025
MUM_RAIL_STN_020,Kandivali,19.2045320761638,72.8520512299794,2114.8,MUM_RAIL_STN_019,Malad,ABOVE_MEDIAN_SPACING,False,True,True,True,True,OBSERVED,HIGH,DATA_UNAVAILABLE,DATA_UNAVAILABLE,DATA_UNAVAILABLE,,,,,,,BLOCKED_NO_BOUNDARY_GEOMETRY,BMC via OpenCity.in,mumbai_suburban_stations.kml,https://data.opencity.in/dataset/mumbai-suburban-network-2025
MUM_RAIL_STN_021,Borivali,19.2290634217488,72.8566489030573,2486.68,MUM_RAIL_STN_022,Dahisar,ABOVE_MEDIAN_SPACING,False,True,True,True,True,OBSERVED,HIGH,DATA_UNAVAILABLE,DATA_UNAVAILABLE,DATA_UNAVAILABLE,,,,,,,BLOCKED_NO_BOUNDARY_GEOMETRY,BMC via OpenCity.in,mumbai_suburban_stations.kml,https://data.opencity.in/dataset/mumbai-suburban-network-2025
MUM_RAIL_STN_022,Dahisar,19.2500070403722,72.8592814710169,2486.68,MUM_RAIL_STN_021,Borivali,ABOVE_MEDIAN_SPACING,False,True,True,True,True,OBSERVED,HIGH,DATA_UNAVAILABLE,DATA_UNAVAILABLE,DATA_UNAVAILABLE,,,,,,,BLOCKED_NO_BOUNDARY_GEOMETRY,BMC via OpenCity.in,mumbai_suburban_stations.kml,https://data.opencity.in/dataset/mumbai-suburban-network-2025
MUM_RAIL_STN_023,CSMT,18.9402720285738,72.8357059779256,1114.1,MUM_RAIL_STN_001,Churchgate,BELOW_MEDIAN_SPACING,False,True,True,True,True,OBSERVED,HIGH,DATA_UNAVAILABLE,DATA_UNAVAILABLE,DATA_UNAVAILABLE,,,,,,,BLOCKED_NO_BOUNDARY_GEOMETRY,BMC via OpenCity.in,mumbai_suburban_stations.kml,https://data.opencity.in/dataset/mumbai-suburban-network-2025
MUM_RAIL_STN_024,Masjid Bunder,18.9520915390942,72.8381997658401,1045.59,MUM_RAIL_STN_025,Sandhurst Road,BELOW_MEDIAN_SPACING,False,True,True,True,True,OBSERVED,HIGH,DATA_UNAVAILABLE,DATA_UNAVAILABLE,DATA_UNAVAILABLE,,,,,,,BLOCKED_NO_BOUNDARY_GEOMETRY,BMC via OpenCity.in,mumbai_suburban_stations.kml,https://data.opencity.in/dataset/mumbai-suburban-network-2025
MUM_RAIL_STN_025,Sandhurst Road,18.9608785429075,72.8395788297954,851.61,MUM_RAIL_STN_041,Dockyard Road,BELOW_MEDIAN_SPACING,False,True,True,True,True,OBSERVED,HIGH,DATA_UNAVAILABLE,DATA_UNAVAILABLE,DATA_UNAVAILABLE,,,,,,,BLOCKED_NO_BOUNDARY_GEOMETRY,BMC via OpenCity.in,mumbai_suburban_stations.kml,https://data.opencity.in/dataset/mumbai-suburban-network-2025
MUM_RAIL_STN_026,Byculla,18.976692518895,72.8327690068053,1162.52,MUM_RAIL_STN_006,Mahalaxmi,BELOW_MEDIAN_SPACING,False,True,True,True,True,OBSERVED,HIGH,DATA_UNAVAILABLE,DATA_UNAVAILABLE,DATA_UNAVAILABLE,,,,,,,BLOCKED_NO_BOUNDARY_GEOMETRY,BMC via OpenCity.in,mumbai_suburban_stations.kml,https://data.opencity.in/dataset/mumbai-suburban-network-2025
MUM_RAIL_STN_027,Chinchpokali,18.9870469487976,72.8329013428044,831.64,MUM_RAIL_STN_028,Currey Road,BELOW_MEDIAN_SPACING,False,True,True,True,True,OBSERVED,HIGH,DATA_UNAVAILABLE,DATA_UNAVAILABLE,DATA_UNAVAILABLE,,,,,,,BLOCKED_NO_BOUNDARY_GEOMETRY,BMC via OpenCity.in,mumbai_suburban_stations.kml,https://data.opencity.in/dataset/mumbai-suburban-network-2025
MUM_RAIL_STN_028,Currey Road,18.994110482723,72.8329987665172,345.28,MUM_RAIL_STN_007,Lower Parel,BELOW_MEDIAN_SPACING,False,True,True,True,True,OBSERVED,HIGH,DATA_UNAVAILABLE,DATA_UNAVAILABLE,DATA_UNAVAILABLE,,,,,,,BLOCKED_NO_BOUNDARY_GEOMETRY,BMC via OpenCity.in,mumbai_suburban_stations.kml,https://data.opencity.in/dataset/mumbai-suburban-network-2025
MUM_RAIL_STN_029,Parel,19.0092440178425,72.8376259004038,259.85,MUM_RAIL_STN_008,Prabhadevi,BELOW_MEDIAN_SPACING,False,True,True,True,True,OBSERVED,HIGH,DATA_UNAVAILABLE,DATA_UNAVAILABLE,DATA_UNAVAILABLE,,,,,,,BLOCKED_NO_BOUNDARY_GEOMETRY,BMC via OpenCity.in,mumbai_suburban_stations.kml,https://data.opencity.in/dataset/mumbai-suburban-network-2025
MUM_RAIL_STN_030,Dadar,19.0181435365389,72.843633420996,175.78,MUM_RAIL_STN_009,Dadar,BELOW_MEDIAN_SPACING,False,True,True,True,True,OBSERVED,HIGH,DATA_UNAVAILABLE,DATA_UNAVAILABLE,DATA_UNAVAILABLE,,,,,,,BLOCKED_NO_BOUNDARY_GEOMETRY,BMC via OpenCity.in,mumbai_suburban_stations.kml,https://data.opencity.in/dataset/mumbai-suburban-network-2025
MUM_RAIL_STN_031,Matunga,19.0274961050905,72.8502084014804,379.25,MUM_RAIL_STN_010,Matunga Road,BELOW_MEDIAN_SPACING,False,True,True,True,True,OBSERVED,HIGH,DATA_UNAVAILABLE,DATA_UNAVAILABLE,DATA_UNAVAILABLE,,,,,,,BLOCKED_NO_BOUNDARY_GEOMETRY,BMC via OpenCity.in,mumbai_suburban_stations.kml,https://data.opencity.in/dataset/mumbai-suburban-network-2025
MUM_RAIL_STN_032,Sion,19.0477097291027,72.8640037012676,724.08,MUM_RAIL_STN_047,Chunna Bhatti,BELOW_MEDIAN_SPACING,False,True,True,True,True,OBSERVED,HIGH,DATA_UNAVAILABLE,DATA_UNAVAILABLE,DATA_UNAVAILABLE,,,,,,,BLOCKED_NO_BOUNDARY_GEOMETRY,BMC via OpenCity.in,mumbai_suburban_stations.kml,https://data.opencity.in/dataset/mumbai-suburban-network-2025
MUM_RAIL_STN_033,Kurla,19.0654774786936,72.8793543303778,1182.96,MUM_RAIL_STN_048,Tilak Nagar,BELOW_MEDIAN_SPACING,False,False,True,True,True,OBSERVED,HIGH,DATA_UNAVAILABLE,DATA_UNAVAILABLE,DATA_UNAVAILABLE,,,,,,,BLOCKED_NO_BOUNDARY_GEOMETRY,BMC via OpenCity.in,mumbai_suburban_stations.kml,https://data.opencity.in/dataset/mumbai-suburban-network-2025
MUM_RAIL_STN_034,Vidyavihar,19.0796208736982,72.8975799791421,1425.19,MUM_RAIL_STN_035,Ghatkopar,BELOW_MEDIAN_SPACING,False,False,True,True,True,OBSERVED,HIGH,DATA_UNAVAILABLE,DATA_UNAVAILABLE,DATA_UNAVAILABLE,,,,,,,BLOCKED_NO_BOUNDARY_GEOMETRY,BMC via OpenCity.in,mumbai_suburban_stations.kml,https://data.opencity.in/dataset/mumbai-suburban-network-2025
MUM_RAIL_STN_035,Ghatkopar,19.0859890642817,72.9084657878744,1425.19,MUM_RAIL_STN_034,Vidyavihar,BELOW_MEDIAN_SPACING,False,False,True,True,True,OBSERVED,HIGH,DATA_UNAVAILABLE,DATA_UNAVAILABLE,DATA_UNAVAILABLE,,,,,,,BLOCKED_NO_BOUNDARY_GEOMETRY,BMC via OpenCity.in,mumbai_suburban_stations.kml,https://data.opencity.in/dataset/mumbai-suburban-network-2025
MUM_RAIL_STN_036,Vikhroli,19.1119177689733,72.9281450869539,1914.39,MUM_RAIL_STN_037,Kanjur Marg,ABOVE_MEDIAN_SPACING,False,False,True,True,True,OBSERVED,HIGH,DATA_UNAVAILABLE,DATA_UNAVAILABLE,DATA_UNAVAILABLE,,,,,,,BLOCKED_NO_BOUNDARY_GEOMETRY,BMC via OpenCity.in,mumbai_suburban_stations.kml,https://data.opencity.in/dataset/mumbai-suburban-network-2025
MUM_RAIL_STN_037,Kanjur Marg,19.128166320162,72.9281511337221,1914.39,MUM_RAIL_STN_036,Vikhroli,ABOVE_MEDIAN_SPACING,False,False,True,True,True,OBSERVED,HIGH,DATA_UNAVAILABLE,DATA_UNAVAILABLE,DATA_UNAVAILABLE,,,,,,,BLOCKED_NO_BOUNDARY_GEOMETRY,BMC via OpenCity.in,mumbai_suburban_stations.kml,https://data.opencity.in/dataset/mumbai-suburban-network-2025
MUM_RAIL_STN_038,Bhandup,19.1424351550521,72.9376513107349,1758.68,MUM_RAIL_STN_039,Nahur,ABOVE_MEDIAN_SPACING,False,False,True,True,True,OBSERVED,HIGH,DATA_UNAVAILABLE,DATA_UNAVAILABLE,DATA_UNAVAILABLE,,,,,,,BLOCKED_NO_BOUNDARY_GEOMETRY,BMC via OpenCity.in,mumbai_suburban_stations.kml,https://data.opencity.in/dataset/mumbai-suburban-network-2025
MUM_RAIL_STN_039,Nahur,19.1546251377825,72.946766137471,1758.68,MUM_RAIL_STN_038,Bhandup,ABOVE_MEDIAN_SPACING,False,False,True,True,True,OBSERVED,HIGH,DATA_UNAVAILABLE,DATA_UNAVAILABLE,DATA_UNAVAILABLE,,,,,,,BLOCKED_NO_BOUNDARY_GEOMETRY,BMC via OpenCity.in,mumbai_suburban_stations.kml,https://data.opencity.in/dataset/mumbai-suburban-network-2025
MUM_RAIL_STN_040,Mulund,19.1718662666882,72.9565534048963,2305.54,MUM_RAIL_STN_039,Nahur,ABOVE_MEDIAN_SPACING,False,False,True,True,True,OBSERVED,HIGH,DATA_UNAVAILABLE,DATA_UNAVAILABLE,DATA_UNAVAILABLE,,,,,,,BLOCKED_NO_BOUNDARY_GEOMETRY,BMC via OpenCity.in,mumbai_suburban_stations.kml,https://data.opencity.in/dataset/mumbai-suburban-network-2025
MUM_RAIL_STN_041,Dockyard Road,18.9665629111886,72.8443114850277,851.61,MUM_RAIL_STN_025,Sandhurst Road,BELOW_MEDIAN_SPACING,False,True,True,True,True,OBSERVED,HIGH,DATA_UNAVAILABLE,DATA_UNAVAILABLE,DATA_UNAVAILABLE,,,,,,,BLOCKED_NO_BOUNDARY_GEOMETRY,BMC via OpenCity.in,mumbai_suburban_stations.kml,https://data.opencity.in/dataset/mumbai-suburban-network-2025
MUM_RAIL_STN_042,Ray Road,18.9773683482474,72.8442481797541,1079.57,MUM_RAIL_STN_043,Cotton Green,BELOW_MEDIAN_SPACING,False,True,True,True,True,OBSERVED,HIGH,DATA_UNAVAILABLE,DATA_UNAVAILABLE,DATA_UNAVAILABLE,,,,,,,BLOCKED_NO_BOUNDARY_GEOMETRY,BMC via OpenCity.in,mumbai_suburban_stations.kml,https://data.opencity.in/dataset/mumbai-suburban-network-2025
MUM_RAIL_STN_043,Cotton Green,18.9864939574943,72.8432893293482,1079.57,MUM_RAIL_STN_042,Ray Road,BELOW_MEDIAN_SPACING,False,True,True,True,True,OBSERVED,HIGH,DATA_UNAVAILABLE,DATA_UNAVAILABLE,DATA_UNAVAILABLE,,,,,,,BLOCKED_NO_BOUNDARY_GEOMETRY,BMC via OpenCity.in,mumbai_suburban_stations.kml,https://data.opencity.in/dataset/mumbai-suburban-network-2025
MUM_RAIL_STN_044,Sewri,18.9989313752645,72.854579130035,1929.63,MUM_RAIL_STN_043,Cotton Green,ABOVE_MEDIAN_SPACING,False,True,True,True,True,OBSERVED,HIGH,DATA_UNAVAILABLE,DATA_UNAVAILABLE,DATA_UNAVAILABLE,,,,,,,BLOCKED_NO_BOUNDARY_GEOMETRY,BMC via OpenCity.in,mumbai_suburban_stations.kml,https://data.opencity.in/dataset/mumbai-suburban-network-2025
MUM_RAIL_STN_045,Wadala Road,19.016006309249,72.8589424803244,1666.04,MUM_RAIL_STN_031,Matunga,BELOW_MEDIAN_SPACING,False,True,True,True,True,OBSERVED,HIGH,DATA_UNAVAILABLE,DATA_UNAVAILABLE,DATA_UNAVAILABLE,,,,,,,BLOCKED_NO_BOUNDARY_GEOMETRY,BMC via OpenCity.in,mumbai_suburban_stations.kml,https://data.opencity.in/dataset/mumbai-suburban-network-2025
MUM_RAIL_STN_046,Guru Tej Bahadur Nagar,19.0380290585816,72.8643611543405,1049.52,MUM_RAIL_STN_052,Kings Circle,BELOW_MEDIAN_SPACING,False,True,True,True,True,OBSERVED,HIGH,DATA_UNAVAILABLE,DATA_UNAVAILABLE,DATA_UNAVAILABLE,,,,,,,BLOCKED_NO_BOUNDARY_GEOMETRY,BMC via OpenCity.in,mumbai_suburban_stations.kml,https://data.opencity.in/dataset/mumbai-suburban-network-2025
MUM_RAIL_STN_047,Chunna Bhatti,19.0517072445659,72.8689456446498,724.08,MUM_RAIL_STN_032,Sion,BELOW_MEDIAN_SPACING,False,False,True,True,True,OBSERVED,HIGH,DATA_UNAVAILABLE,DATA_UNAVAILABLE,DATA_UNAVAILABLE,,,,,,,BLOCKED_NO_BOUNDARY_GEOMETRY,BMC via OpenCity.in,mumbai_suburban_stations.kml,https://data.opencity.in/dataset/mumbai-suburban-network-2025
MUM_RAIL_STN_048,Tilak Nagar,19.0657803013233,72.8899762020043,1182.96,MUM_RAIL_STN_033,Kurla,BELOW_MEDIAN_SPACING,False,False,True,True,True,OBSERVED,HIGH,DATA_UNAVAILABLE,DATA_UNAVAILABLE,DATA_UNAVAILABLE,,,,,,,BLOCKED_NO_BOUNDARY_GEOMETRY,BMC via OpenCity.in,mumbai_suburban_stations.kml,https://data.opencity.in/dataset/mumbai-suburban-network-2025
MUM_RAIL_STN_049,Chembur,19.0625976174705,72.9012441362589,1309.15,MUM_RAIL_STN_048,Tilak Nagar,BELOW_MEDIAN_SPACING,False,False,True,True,True,OBSERVED,HIGH,DATA_UNAVAILABLE,DATA_UNAVAILABLE,DATA_UNAVAILABLE,,,,,,,BLOCKED_NO_BOUNDARY_GEOMETRY,BMC via OpenCity.in,mumbai_suburban_stations.kml,https://data.opencity.in/dataset/mumbai-suburban-network-2025
MUM_RAIL_STN_050,Govandi,19.0550932243739,72.9153943027253,1806.21,MUM_RAIL_STN_049,Chembur,ABOVE_MEDIAN_SPACING,False,False,True,True,True,OBSERVED,HIGH,DATA_UNAVAILABLE,DATA_UNAVAILABLE,DATA_UNAVAILABLE,,,,,,,BLOCKED_NO_BOUNDARY_GEOMETRY,BMC via OpenCity.in,mumbai_suburban_stations.kml,https://data.opencity.in/dataset/mumbai-suburban-network-2025
MUM_RAIL_STN_051,Mankhurd,19.0481650219614,72.9317241491866,1992.55,MUM_RAIL_STN_050,Govandi,ABOVE_MEDIAN_SPACING,False,False,True,True,True,OBSERVED,HIGH,DATA_UNAVAILABLE,DATA_UNAVAILABLE,DATA_UNAVAILABLE,,,,,,,BLOCKED_NO_BOUNDARY_GEOMETRY,BMC via OpenCity.in,mumbai_suburban_stations.kml,https://data.opencity.in/dataset/mumbai-suburban-network-2025
MUM_RAIL_STN_052,Kings Circle,19.032266486955,72.8571690397359,957.05,MUM_RAIL_STN_031,Matunga,BELOW_MEDIAN_SPACING,False,True,True,True,True,OBSERVED,HIGH,DATA_UNAVAILABLE,DATA_UNAVAILABLE,DATA_UNAVAILABLE,,,,,,,BLOCKED_NO_BOUNDARY_GEOMETRY,BMC via OpenCity.in,mumbai_suburban_stations.kml,https://data.opencity.in/dataset/mumbai-suburban-network-2025
MUM_RAIL_STN_053,Mira Road,19.2797406943242,72.8560972045312,3524.15,MUM_RAIL_STN_022,Dahisar,ABOVE_MEDIAN_SPACING,False,True,True,True,True,OBSERVED,HIGH,DATA_UNAVAILABLE,DATA_UNAVAILABLE,DATA_UNAVAILABLE,,,,,,,BLOCKED_NO_BOUNDARY_GEOMETRY,BMC via OpenCity.in,mumbai_suburban_stations.kml,https://data.opencity.in/dataset/mumbai-suburban-network-2025
MUM_RAIL_STN_054,Bhayandar,19.3114392227109,72.8525704477226,3759.24,MUM_RAIL_STN_053,Mira Road,ABOVE_MEDIAN_SPACING,False,True,True,True,True,OBSERVED,HIGH,DATA_UNAVAILABLE,DATA_UNAVAILABLE,DATA_UNAVAILABLE,,,,,,,BLOCKED_NO_BOUNDARY_GEOMETRY,BMC via OpenCity.in,mumbai_suburban_stations.kml,https://data.opencity.in/dataset/mumbai-suburban-network-2025
MUM_RAIL_STN_055,Naigaon,19.3513074099099,72.8462832948645,3989.96,MUM_RAIL_STN_056,Vasai Road,ABOVE_MEDIAN_SPACING,False,True,True,True,True,OBSERVED,HIGH,DATA_UNAVAILABLE,DATA_UNAVAILABLE,DATA_UNAVAILABLE,,,,,,,BLOCKED_NO_BOUNDARY_GEOMETRY,BMC via OpenCity.in,mumbai_suburban_stations.kml,https://data.opencity.in/dataset/mumbai-suburban-network-2025
MUM_RAIL_STN_056,Vasai Road,19.3823802721053,72.8321461041926,3989.96,MUM_RAIL_STN_055,Naigaon,ABOVE_MEDIAN_SPACING,False,True,True,True,True,OBSERVED,HIGH,DATA_UNAVAILABLE,DATA_UNAVAILABLE,DATA_UNAVAILABLE,,,,,,,BLOCKED_NO_BOUNDARY_GEOMETRY,BMC via OpenCity.in,mumbai_suburban_stations.kml,https://data.opencity.in/dataset/mumbai-suburban-network-2025
MUM_RAIL_STN_057,Nallasopara,19.4176755166077,72.8189145644195,4418.3,MUM_RAIL_STN_056,Vasai Road,LARGE_SPACING,True,True,True,True,True,OBSERVED,HIGH,DATA_UNAVAILABLE,DATA_UNAVAILABLE,DATA_UNAVAILABLE,,,,,,,BLOCKED_NO_BOUNDARY_GEOMETRY,BMC via OpenCity.in,mumbai_suburban_stations.kml,https://data.opencity.in/dataset/mumbai-suburban-network-2025
MUM_RAIL_STN_058,Virar,19.4549995182516,72.8119284863236,4474.08,MUM_RAIL_STN_057,Nallasopara,LARGE_SPACING,True,True,True,True,True,OBSERVED,HIGH,DATA_UNAVAILABLE,DATA_UNAVAILABLE,DATA_UNAVAILABLE,,,,,,,BLOCKED_NO_BOUNDARY_GEOMETRY,BMC via OpenCity.in,mumbai_suburban_stations.kml,https://data.opencity.in/dataset/mumbai-suburban-network-2025
MUM_RAIL_STN_059,Vashi,19.0631172207064,72.9988965632495,1215.98,MUM_RAIL_STN_060,Sanpada,BELOW_MEDIAN_SPACING,False,False,True,True,True,OBSERVED,HIGH,DATA_UNAVAILABLE,DATA_UNAVAILABLE,DATA_UNAVAILABLE,,,,,,,BLOCKED_NO_BOUNDARY_GEOMETRY,BMC via OpenCity.in,mumbai_suburban_stations.kml,https://data.opencity.in/dataset/mumbai-suburban-network-2025
MUM_RAIL_STN_060,Sanpada,19.0661147788721,73.0093493142319,1215.98,MUM_RAIL_STN_059,Vashi,BELOW_MEDIAN_SPACING,False,False,True,True,True,OBSERVED,HIGH,DATA_UNAVAILABLE,DATA_UNAVAILABLE,DATA_UNAVAILABLE,,,,,,,BLOCKED_NO_BOUNDARY_GEOMETRY,BMC via OpenCity.in,mumbai_suburban_stations.kml,https://data.opencity.in/dataset/mumbai-suburban-network-2025
MUM_RAIL_STN_061,Juinagar,19.0556163409323,73.0183903439259,1594.3,MUM_RAIL_STN_060,Sanpada,BELOW_MEDIAN_SPACING,False,False,True,True,True,OBSERVED,HIGH,DATA_UNAVAILABLE,DATA_UNAVAILABLE,DATA_UNAVAILABLE,,,,,,,BLOCKED_NO_BOUNDARY_GEOMETRY,BMC via OpenCity.in,mumbai_suburban_stations.kml,https://data.opencity.in/dataset/mumbai-suburban-network-2025
MUM_RAIL_STN_062,Nerul,19.0334707818177,73.0182107815982,1361.29,MUM_RAIL_STN_063,Seawoods,BELOW_MEDIAN_SPACING,False,False,True,True,True,OBSERVED,HIGH,DATA_UNAVAILABLE,DATA_UNAVAILABLE,DATA_UNAVAILABLE,,,,,,,BLOCKED_NO_BOUNDARY_GEOMETRY,BMC via OpenCity.in,mumbai_suburban_stations.kml,https://data.opencity.in/dataset/mumbai-suburban-network-2025
MUM_RAIL_STN_063,Seawoods,19.0219438755159,73.0191424206458,1361.29,MUM_RAIL_STN_062,Nerul,BELOW_MEDIAN_SPACING,False,False,True,True,True,OBSERVED,HIGH,DATA_UNAVAILABLE,DATA_UNAVAILABLE,DATA_UNAVAILABLE,,,,,,,BLOCKED_NO_BOUNDARY_GEOMETRY,BMC via OpenCity.in,mumbai_suburban_stations.kml,https://data.opencity.in/dataset/mumbai-suburban-network-2025
MUM_RAIL_STN_064,CBD Belapur,19.0190456436135,73.0390873339028,1896.6,MUM_RAIL_STN_103,Sagar Sangam,ABOVE_MEDIAN_SPACING,False,False,True,True,True,OBSERVED,HIGH,DATA_UNAVAILABLE,DATA_UNAVAILABLE,DATA_UNAVAILABLE,,,,,,,BLOCKED_NO_BOUNDARY_GEOMETRY,BMC via OpenCity.in,mumbai_suburban_stations.kml,https://data.opencity.in/dataset/mumbai-suburban-network-2025
MUM_RAIL_STN_065,Kharghar,19.0261194215454,73.0593969394587,2409.41,MUM_RAIL_STN_064,CBD Belapur,ABOVE_MEDIAN_SPACING,False,False,True,True,True,OBSERVED,HIGH,DATA_UNAVAILABLE,DATA_UNAVAILABLE,DATA_UNAVAILABLE,,,,,,,BLOCKED_NO_BOUNDARY_GEOMETRY,BMC via OpenCity.in,mumbai_suburban_stations.kml,https://data.opencity.in/dataset/mumbai-suburban-network-2025
MUM_RAIL_STN_066,Mansarovar,19.0166539817185,73.0804701854415,1923.59,MUM_RAIL_STN_067,Khandeshwar,ABOVE_MEDIAN_SPACING,False,False,True,True,True,OBSERVED,HIGH,DATA_UNAVAILABLE,DATA_UNAVAILABLE,DATA_UNAVAILABLE,,,,,,,BLOCKED_NO_BOUNDARY_GEOMETRY,BMC via OpenCity.in,mumbai_suburban_stations.kml,https://data.opencity.in/dataset/mumbai-suburban-network-2025
MUM_RAIL_STN_067,Khandeshwar,19.0074679867507,73.0947598188553,1923.59,MUM_RAIL_STN_066,Mansarovar,ABOVE_MEDIAN_SPACING,False,False,True,True,True,OBSERVED,HIGH,DATA_UNAVAILABLE,DATA_UNAVAILABLE,DATA_UNAVAILABLE,,,,,,,BLOCKED_NO_BOUNDARY_GEOMETRY,BMC via OpenCity.in,mumbai_suburban_stations.kml,https://data.opencity.in/dataset/mumbai-suburban-network-2025
MUM_RAIL_STN_068,Panvel,18.9905700254378,73.1213414488358,3565.66,MUM_RAIL_STN_067,Khandeshwar,ABOVE_MEDIAN_SPACING,False,False,True,True,True,OBSERVED,HIGH,DATA_UNAVAILABLE,DATA_UNAVAILABLE,DATA_UNAVAILABLE,,,,,,,BLOCKED_NO_BOUNDARY_GEOMETRY,BMC via OpenCity.in,mumbai_suburban_stations.kml,https://data.opencity.in/dataset/mumbai-suburban-network-2025
MUM_RAIL_STN_069,Turbhe,19.0760002886039,73.0177166307423,1491.08,MUM_RAIL_STN_060,Sanpada,BELOW_MEDIAN_SPACING,False,False,True,True,True,OBSERVED,HIGH,DATA_UNAVAILABLE,DATA_UNAVAILABLE,DATA_UNAVAILABLE,,,,,,,BLOCKED_NO_BOUNDARY_GEOMETRY,BMC via OpenCity.in,mumbai_suburban_stations.kml,https://data.opencity.in/dataset/mumbai-suburban-network-2025
MUM_RAIL_STN_070,Kopar Kharine,19.1032160096145,73.011342315056,1639.46,MUM_RAIL_STN_071,Ghansoli,BELOW_MEDIAN_SPACING,False,False,True,True,True,OBSERVED,HIGH,DATA_UNAVAILABLE,DATA_UNAVAILABLE,DATA_UNAVAILABLE,,,,,,,BLOCKED_NO_BOUNDARY_GEOMETRY,BMC via OpenCity.in,mumbai_suburban_stations.kml,https://data.opencity.in/dataset/mumbai-suburban-network-2025
MUM_RAIL_STN_071,Ghansoli,19.1164805906164,73.0068894698697,1639.46,MUM_RAIL_STN_070,Kopar Kharine,BELOW_MEDIAN_SPACING,False,False,True,True,True,OBSERVED,HIGH,DATA_UNAVAILABLE,DATA_UNAVAILABLE,DATA_UNAVAILABLE,,,,,,,BLOCKED_NO_BOUNDARY_GEOMETRY,BMC via OpenCity.in,mumbai_suburban_stations.kml,https://data.opencity.in/dataset/mumbai-suburban-network-2025
MUM_RAIL_STN_072,Rabale,19.1370192081831,73.0027166938337,2464.12,MUM_RAIL_STN_071,Ghansoli,ABOVE_MEDIAN_SPACING,False,False,True,True,True,OBSERVED,HIGH,DATA_UNAVAILABLE,DATA_UNAVAILABLE,DATA_UNAVAILABLE,,,,,,,BLOCKED_NO_BOUNDARY_GEOMETRY,BMC via OpenCity.in,mumbai_suburban_stations.kml,https://data.opencity.in/dataset/mumbai-suburban-network-2025
MUM_RAIL_STN_073,Airoli,19.1585309448508,72.9993795687864,2561.99,MUM_RAIL_STN_072,Rabale,ABOVE_MEDIAN_SPACING,False,False,True,True,True,OBSERVED,HIGH,DATA_UNAVAILABLE,DATA_UNAVAILABLE,DATA_UNAVAILABLE,,,,,,,BLOCKED_NO_BOUNDARY_GEOMETRY,BMC via OpenCity.in,mumbai_suburban_stations.kml,https://data.opencity.in/dataset/mumbai-suburban-network-2025
MUM_RAIL_STN_074,Thane,19.1861152574207,72.9759337290526,2734.01,MUM_RAIL_STN_040,Mulund,ABOVE_MEDIAN_SPACING,False,False,True,True,True,OBSERVED,HIGH,DATA_UNAVAILABLE,DATA_UNAVAILABLE,DATA_UNAVAILABLE,,,,,,,BLOCKED_NO_BOUNDARY_GEOMETRY,BMC via OpenCity.in,mumbai_suburban_stations.kml,https://data.opencity.in/dataset/mumbai-suburban-network-2025
MUM_RAIL_STN_075,Kalwa,19.1969032812792,72.9986747366214,2832.93,MUM_RAIL_STN_074,Thane,ABOVE_MEDIAN_SPACING,False,False,True,True,True,OBSERVED,HIGH,DATA_UNAVAILABLE,DATA_UNAVAILABLE,DATA_UNAVAILABLE,,,,,,,BLOCKED_NO_BOUNDARY_GEOMETRY,BMC via OpenCity.in,mumbai_suburban_stations.kml,https://data.opencity.in/dataset/mumbai-suburban-network-2025
MUM_RAIL_STN_076,Mumbra,19.1902742542868,73.0231397296511,2210.95,MUM_RAIL_STN_077,Diva,ABOVE_MEDIAN_SPACING,False,False,True,True,True,OBSERVED,HIGH,DATA_UNAVAILABLE,DATA_UNAVAILABLE,DATA_UNAVAILABLE,,,,,,,BLOCKED_NO_BOUNDARY_GEOMETRY,BMC via OpenCity.in,mumbai_suburban_stations.kml,https://data.opencity.in/dataset/mumbai-suburban-network-2025
MUM_RAIL_STN_077,Diva,19.1889502669907,73.0429514521207,2210.95,MUM_RAIL_STN_076,Mumbra,ABOVE_MEDIAN_SPACING,False,False,True,True,True,OBSERVED,HIGH,DATA_UNAVAILABLE,DATA_UNAVAILABLE,DATA_UNAVAILABLE,,,,,,,BLOCKED_NO_BOUNDARY_GEOMETRY,BMC via OpenCity.in,mumbai_suburban_stations.kml,https://data.opencity.in/dataset/mumbai-suburban-network-2025
MUM_RAIL_STN_078,Lower Kopar,19.2106220863616,73.0769788440469,1421.99,MUM_RAIL_STN_079,Dombivili,BELOW_MEDIAN_SPACING,False,False,True,True,True,OBSERVED,HIGH,DATA_UNAVAILABLE,DATA_UNAVAILABLE,DATA_UNAVAILABLE,,,,,,,BLOCKED_NO_BOUNDARY_GEOMETRY,BMC via OpenCity.in,mumbai_suburban_stations.kml,https://data.opencity.in/dataset/mumbai-suburban-network-2025
MUM_RAIL_STN_079,Dombivili,19.218286062568,73.0868430181902,1421.99,MUM_RAIL_STN_078,Lower Kopar,BELOW_MEDIAN_SPACING,False,False,True,True,True,OBSERVED,HIGH,DATA_UNAVAILABLE,DATA_UNAVAILABLE,DATA_UNAVAILABLE,,,,,,,BLOCKED_NO_BOUNDARY_GEOMETRY,BMC via OpenCity.in,mumbai_suburban_stations.kml,https://data.opencity.in/dataset/mumbai-suburban-network-2025
MUM_RAIL_STN_080,Thakurli,19.2260018478666,73.0979322946715,1533.39,MUM_RAIL_STN_079,Dombivili,BELOW_MEDIAN_SPACING,False,False,True,True,True,OBSERVED,HIGH,DATA_UNAVAILABLE,DATA_UNAVAILABLE,DATA_UNAVAILABLE,,,,,,,BLOCKED_NO_BOUNDARY_GEOMETRY,BMC via OpenCity.in,mumbai_suburban_stations.kml,https://data.opencity.in/dataset/mumbai-suburban-network-2025
MUM_RAIL_STN_081,Kalyan,19.2351909402425,73.1299711282289,2296.63,MUM_RAIL_STN_082,Vithalwadi,ABOVE_MEDIAN_SPACING,False,False,True,True,True,OBSERVED,HIGH,DATA_UNAVAILABLE,DATA_UNAVAILABLE,DATA_UNAVAILABLE,,,,,,,BLOCKED_NO_BOUNDARY_GEOMETRY,BMC via OpenCity.in,mumbai_suburban_stations.kml,https://data.opencity.in/dataset/mumbai-suburban-network-2025
MUM_RAIL_STN_082,Vithalwadi,19.2282722390585,73.1492569841108,1953.68,MUM_RAIL_STN_083,Ulhas Nagar,ABOVE_MEDIAN_SPACING,False,False,True,True,True,OBSERVED,HIGH,DATA_UNAVAILABLE,DATA_UNAVAILABLE,DATA_UNAVAILABLE,,,,,,,BLOCKED_NO_BOUNDARY_GEOMETRY,BMC via OpenCity.in,mumbai_suburban_stations.kml,https://data.opencity.in/dataset/mumbai-suburban-network-2025
MUM_RAIL_STN_083,Ulhas Nagar,19.21808971954,73.1631032188065,1953.68,MUM_RAIL_STN_082,Vithalwadi,ABOVE_MEDIAN_SPACING,False,False,True,True,True,OBSERVED,HIGH,DATA_UNAVAILABLE,DATA_UNAVAILABLE,DATA_UNAVAILABLE,,,,,,,BLOCKED_NO_BOUNDARY_GEOMETRY,BMC via OpenCity.in,mumbai_suburban_stations.kml,https://data.opencity.in/dataset/mumbai-suburban-network-2025
MUM_RAIL_STN_084,Ambernath,19.2101305480555,73.1844317400222,2552.95,MUM_RAIL_STN_083,Ulhas Nagar,ABOVE_MEDIAN_SPACING,False,False,True,True,True,OBSERVED,HIGH,DATA_UNAVAILABLE,DATA_UNAVAILABLE,DATA_UNAVAILABLE,,,,,,,BLOCKED_NO_BOUNDARY_GEOMETRY,BMC via OpenCity.in,mumbai_suburban_stations.kml,https://data.opencity.in/dataset/mumbai-suburban-network-2025
MUM_RAIL_STN_085,Badlapur,19.1668331363957,73.2388025511903,7916.92,MUM_RAIL_STN_084,Ambernath,VERY_LARGE_SPACING,True,False,True,True,True,OBSERVED,HIGH,DATA_UNAVAILABLE,DATA_UNAVAILABLE,DATA_UNAVAILABLE,,,,,,,BLOCKED_NO_BOUNDARY_GEOMETRY,BMC via OpenCity.in,mumbai_suburban_stations.kml,https://data.opencity.in/dataset/mumbai-suburban-network-2025
MUM_RAIL_STN_086,Vangani,19.094393395304,73.3007405284918,4113.61,MUM_RAIL_STN_087,Shelu,LARGE_SPACING,True,True,True,True,True,OBSERVED,HIGH,DATA_UNAVAILABLE,DATA_UNAVAILABLE,DATA_UNAVAILABLE,,,,,,,BLOCKED_NO_BOUNDARY_GEOMETRY,BMC via OpenCity.in,mumbai_suburban_stations.kml,https://data.opencity.in/dataset/mumbai-suburban-network-2025
MUM_RAIL_STN_087,Shelu,19.0634147978046,73.3178011533358,4113.61,MUM_RAIL_STN_086,Vangani,LARGE_SPACING,True,True,True,True,True,OBSERVED,HIGH,DATA_UNAVAILABLE,DATA_UNAVAILABLE,DATA_UNAVAILABLE,,,,,,,BLOCKED_NO_BOUNDARY_GEOMETRY,BMC via OpenCity.in,mumbai_suburban_stations.kml,https://data.opencity.in/dataset/mumbai-suburban-network-2025
MUM_RAIL_STN_088,Neral,19.0268065536976,73.3185595294996,4312.02,MUM_RAIL_STN_087,Shelu,LARGE_SPACING,True,True,True,True,True,OBSERVED,HIGH,DATA_UNAVAILABLE,DATA_UNAVAILABLE,DATA_UNAVAILABLE,,,,,,,BLOCKED_NO_BOUNDARY_GEOMETRY,BMC via OpenCity.in,mumbai_suburban_stations.kml,https://data.opencity.in/dataset/mumbai-suburban-network-2025
MUM_RAIL_STN_089,Bhivpuri Road,18.9700072031662,73.3314774682455,6840.01,MUM_RAIL_STN_088,Neral,VERY_LARGE_SPACING,True,True,True,True,True,OBSERVED,HIGH,DATA_UNAVAILABLE,DATA_UNAVAILABLE,DATA_UNAVAILABLE,,,,,,,BLOCKED_NO_BOUNDARY_GEOMETRY,BMC via OpenCity.in,mumbai_suburban_stations.kml,https://data.opencity.in/dataset/mumbai-suburban-network-2025
MUM_RAIL_STN_090,Karjat,18.9088351428397,73.3206443228044,2887.76,MUM_RAIL_STN_091,Palasdhari,ABOVE_MEDIAN_SPACING,False,True,True,True,True,OBSERVED,HIGH,DATA_UNAVAILABLE,DATA_UNAVAILABLE,DATA_UNAVAILABLE,,,,,,,BLOCKED_NO_BOUNDARY_GEOMETRY,BMC via OpenCity.in,mumbai_suburban_stations.kml,https://data.opencity.in/dataset/mumbai-suburban-network-2025
MUM_RAIL_STN_091,Palasdhari,18.8842927108596,73.3208308318587,2887.76,MUM_RAIL_STN_090,Karjat,ABOVE_MEDIAN_SPACING,False,True,True,True,True,OBSERVED,HIGH,DATA_UNAVAILABLE,DATA_UNAVAILABLE,DATA_UNAVAILABLE,,,,,,,BLOCKED_NO_BOUNDARY_GEOMETRY,BMC via OpenCity.in,mumbai_suburban_stations.kml,https://data.opencity.in/dataset/mumbai-suburban-network-2025
MUM_RAIL_STN_092,Kelavali,18.8456945832501,73.3187810452539,1352.06,MUM_RAIL_STN_093,Dolavali,BELOW_MEDIAN_SPACING,False,True,True,True,True,OBSERVED,HIGH,DATA_UNAVAILABLE,DATA_UNAVAILABLE,DATA_UNAVAILABLE,,,,,,,BLOCKED_NO_BOUNDARY_GEOMETRY,BMC via OpenCity.in,mumbai_suburban_stations.kml,https://data.opencity.in/dataset/mumbai-suburban-network-2025
MUM_RAIL_STN_093,Dolavali,18.8342636565215,73.3200621813635,1352.06,MUM_RAIL_STN_092,Kelavali,BELOW_MEDIAN_SPACING,False,True,True,True,True,OBSERVED,HIGH,DATA_UNAVAILABLE,DATA_UNAVAILABLE,DATA_UNAVAILABLE,,,,,,,BLOCKED_NO_BOUNDARY_GEOMETRY,BMC via OpenCity.in,mumbai_suburban_stations.kml,https://data.opencity.in/dataset/mumbai-suburban-network-2025
MUM_RAIL_STN_094,Lowjee,18.8086214214537,73.3354354701634,2469.38,MUM_RAIL_STN_095,Khopoli,ABOVE_MEDIAN_SPACING,False,True,True,True,True,OBSERVED,HIGH,DATA_UNAVAILABLE,DATA_UNAVAILABLE,DATA_UNAVAILABLE,,,,,,,BLOCKED_NO_BOUNDARY_GEOMETRY,BMC via OpenCity.in,mumbai_suburban_stations.kml,https://data.opencity.in/dataset/mumbai-suburban-network-2025
MUM_RAIL_STN_095,Khopoli,18.7896170591886,73.3448726092399,2469.38,MUM_RAIL_STN_094,Lowjee,ABOVE_MEDIAN_SPACING,False,True,True,True,True,OBSERVED,HIGH,DATA_UNAVAILABLE,DATA_UNAVAILABLE,DATA_UNAVAILABLE,,,,,,,BLOCKED_NO_BOUNDARY_GEOMETRY,BMC via OpenCity.in,mumbai_suburban_stations.kml,https://data.opencity.in/dataset/mumbai-suburban-network-2025
MUM_RAIL_STN_096,Shahad,19.2443452121886,73.1583231567416,2147.03,MUM_RAIL_STN_082,Vithalwadi,ABOVE_MEDIAN_SPACING,False,False,True,True,True,OBSERVED,HIGH,DATA_UNAVAILABLE,DATA_UNAVAILABLE,DATA_UNAVAILABLE,,,,,,,BLOCKED_NO_BOUNDARY_GEOMETRY,BMC via OpenCity.in,mumbai_suburban_stations.kml,https://data.opencity.in/dataset/mumbai-suburban-network-2025
MUM_RAIL_STN_097,Ambivili,19.267809303216,73.1717128739798,3142.75,MUM_RAIL_STN_096,Shahad,ABOVE_MEDIAN_SPACING,False,False,True,True,True,OBSERVED,HIGH,DATA_UNAVAILABLE,DATA_UNAVAILABLE,DATA_UNAVAILABLE,,,,,,,BLOCKED_NO_BOUNDARY_GEOMETRY,BMC via OpenCity.in,mumbai_suburban_stations.kml,https://data.opencity.in/dataset/mumbai-suburban-network-2025
MUM_RAIL_STN_098,Titwala,19.296877134864,73.203247161913,4906.61,MUM_RAIL_STN_097,Ambivili,VERY_LARGE_SPACING,True,False,True,True,True,OBSERVED,HIGH,DATA_UNAVAILABLE,DATA_UNAVAILABLE,DATA_UNAVAILABLE,,,,,,,BLOCKED_NO_BOUNDARY_GEOMETRY,BMC via OpenCity.in,mumbai_suburban_stations.kml,https://data.opencity.in/dataset/mumbai-suburban-network-2025
MUM_RAIL_STN_099,Khadawali,19.3568495922065,73.2189216499799,7286.79,MUM_RAIL_STN_098,Titwala,VERY_LARGE_SPACING,True,False,True,True,True,OBSERVED,HIGH,DATA_UNAVAILABLE,DATA_UNAVAILABLE,DATA_UNAVAILABLE,,,,,,,BLOCKED_NO_BOUNDARY_GEOMETRY,BMC via OpenCity.in,mumbai_suburban_stations.kml,https://data.opencity.in/dataset/mumbai-suburban-network-2025
MUM_RAIL_STN_100,Vasind,19.4068464515156,73.2676652674631,8015.77,MUM_RAIL_STN_099,Khadawali,VERY_LARGE_SPACING,True,False,True,True,True,OBSERVED,HIGH,DATA_UNAVAILABLE,DATA_UNAVAILABLE,DATA_UNAVAILABLE,,,,,,,BLOCKED_NO_BOUNDARY_GEOMETRY,BMC via OpenCity.in,mumbai_suburban_stations.kml,https://data.opencity.in/dataset/mumbai-suburban-network-2025
MUM_RAIL_STN_101,Ram Mandir,19.1516968179908,72.8501779534613,1553.65,MUM_RAIL_STN_018,Goregaon,BELOW_MEDIAN_SPACING,False,True,True,True,True,OBSERVED,HIGH,DATA_UNAVAILABLE,DATA_UNAVAILABLE,DATA_UNAVAILABLE,,,,,,,BLOCKED_NO_BOUNDARY_GEOMETRY,BMC via OpenCity.in,mumbai_suburban_stations.kml,https://data.opencity.in/dataset/mumbai-suburban-network-2025
MUM_RAIL_STN_102,Vaitarna,19.5194475908323,72.8502717197307,8725.54,MUM_RAIL_STN_058,Virar,VERY_LARGE_SPACING,True,True,True,True,True,OBSERVED,HIGH,DATA_UNAVAILABLE,DATA_UNAVAILABLE,DATA_UNAVAILABLE,,,,,,,BLOCKED_NO_BOUNDARY_GEOMETRY,BMC via OpenCity.in,mumbai_suburban_stations.kml,https://data.opencity.in/dataset/mumbai-suburban-network-2025
MUM_RAIL_STN_103,Sagar Sangam,19.0102840709078,73.0247906779553,1510.02,MUM_RAIL_STN_063,Seawoods,BELOW_MEDIAN_SPACING,False,False,True,True,True,OBSERVED,HIGH,DATA_UNAVAILABLE,DATA_UNAVAILABLE,DATA_UNAVAILABLE,,,,,,,BLOCKED_NO_BOUNDARY_GEOMETRY,BMC via OpenCity.in,mumbai_suburban_stations.kml,https://data.opencity.in/dataset/mumbai-suburban-network-2025
MUM_RAIL_STN_104,Targhar,18.9904507628536,73.0347210107422,2210.61,MUM_RAIL_STN_105,Bamandongri,ABOVE_MEDIAN_SPACING,False,False,True,True,True,OBSERVED,HIGH,DATA_UNAVAILABLE,DATA_UNAVAILABLE,DATA_UNAVAILABLE,,,,,,,BLOCKED_NO_BOUNDARY_GEOMETRY,BMC via OpenCity.in,mumbai_suburban_stations.kml,https://data.opencity.in/dataset/mumbai-suburban-network-2025
MUM_RAIL_STN_105,Bamandongri,18.974619535869,73.0240407796519,2080.75,MUM_RAIL_STN_106,Kharkopar,ABOVE_MEDIAN_SPACING,False,False,True,True,True,OBSERVED,HIGH,DATA_UNAVAILABLE,DATA_UNAVAILABLE,DATA_UNAVAILABLE,,,,,,,BLOCKED_NO_BOUNDARY_GEOMETRY,BMC via OpenCity.in,mumbai_suburban_stations.kml,https://data.opencity.in/dataset/mumbai-suburban-network-2025
MUM_RAIL_STN_106,Kharkopar,18.9596615707448,73.0140802808399,2080.75,MUM_RAIL_STN_105,Bamandongri,ABOVE_MEDIAN_SPACING,False,False,True,True,True,OBSERVED,HIGH,DATA_UNAVAILABLE,DATA_UNAVAILABLE,DATA_UNAVAILABLE,,,,,,,BLOCKED_NO_BOUNDARY_GEOMETRY,BMC via OpenCity.in,mumbai_suburban_stations.kml,https://data.opencity.in/dataset/mumbai-suburban-network-2025
