indicator_id,indicator_name,description,value,unit,geography,source,source_url,data_status,calculation_method,interpretation,limitations
IND_001,Total Stations,Total number of Mumbai suburban railway stations,106.0,stations,Mumbai Suburban Railway Network,BMC via OpenCity.in,https://data.opencity.in/dataset/mumbai-suburban-network-2025,OBSERVED,Count of verified station records from M1/M2,Number of railway stations in the Mumbai suburban network,None
IND_002,Network Length,Total length of railway line segments,307.46,km,Mumbai Suburban Railway Network,BMC via OpenCity.in,https://data.opencity.in/dataset/mumbai-suburban-network-2025,OBSERVED,"Sum of line segment lengths (M2, projected to EPSG:3857)","Total track length across Western, Central, Harbour, and Trans-Harbour lines",Line segments may not represent exact track layout
IND_003,Median Station Spacing,Median nearest-neighbor distance between stations,1758.68,meters,Mumbai Suburban Railway Network,Derived from BMC station coordinates,https://data.opencity.in/dataset/mumbai-suburban-network-2025,DERIVED,"Median of nearest-neighbor distances (M2, UTM Zone 43N)",Typical distance between adjacent stations,Nearest-neighbor may not reflect actual route sequence
IND_004,P90 Station Spacing,90th percentile station spacing (threshold for large gaps),4051.785,meters,Mumbai Suburban Railway Network,Derived from BMC station coordinates,https://data.opencity.in/dataset/mumbai-suburban-network-2025,DERIVED,90th percentile of nearest-neighbor distances,Stations above this spacing are in the top 10% for large gaps,"Statistical threshold, not a normative standard"
IND_005,P95 Station Spacing,95th percentile station spacing (threshold for very large gaps),4798.4775,meters,Mumbai Suburban Railway Network,Derived from BMC station coordinates,https://data.opencity.in/dataset/mumbai-suburban-network-2025,DERIVED,95th percentile of nearest-neighbor distances,Stations above this spacing are in the top 5% for very large gaps,"Statistical threshold, not a normative standard"
IND_006,Station Density by Network Extent,Stations per kilometer of network,0.34,stations/km,Mumbai Suburban Railway Network,Derived from BMC data,https://data.opencity.in/dataset/mumbai-suburban-network-2025,DERIVED,Total stations / Network length,Average number of stations per km of track,Network length includes all line segments; actual unique track length may differ
IND_007,Theoretical Geographic Catchment (500m),Total area within 500m of any station (theoretical),83.12,km²,Mumbai Suburban Railway Network,Generated from BMC station coordinates (M3),N/A,DERIVED,"Circular buffers of 500m radius around each station (UTM Zone 43N), sum of areas",THEORETICAL geographic coverage within 500m walking/cycling distance. NOT actual transit accessibility.,Overlapping catchments counted multiple times; physical barriers not considered; service frequency unavailable
IND_008,Theoretical Geographic Catchment (1000m),Total area within 1000m of any station (theoretical),332.47,km²,Mumbai Suburban Railway Network,Generated from BMC station coordinates (M3),N/A,DERIVED,"Circular buffers of 1000m radius around each station (UTM Zone 43N), sum of areas",THEORETICAL geographic coverage within 1000m walking/cycling distance. NOT actual transit accessibility.,Overlapping catchments counted multiple times; physical barriers not considered; service frequency unavailable
IND_0010,Theoretical Geographic Catchment (2000m),Total area within 2000m of any station (theoretical),1329.9,km²,Mumbai Suburban Railway Network,Generated from BMC station coordinates (M3),N/A,DERIVED,"Circular buffers of 2000m radius around each station (UTM Zone 43N), sum of areas",THEORETICAL geographic coverage within 2000m walking/cycling distance. NOT actual transit accessibility.,Overlapping catchments counted multiple times; physical barriers not considered; service frequency unavailable
