gap_id,station_id,station_name,nearest_station_id,nearest_station_name,gap_type,indicator_id,indicator_value,threshold,threshold_method,evidence,status,confidence,source,source_url,limitations
GAP_MUM_RAIL_STN_057,MUM_RAIL_STN_057,Nallasopara,MUM_RAIL_STN_056,Vasai Road,LARGE_STATION_SPACING,IND_004,4418.3,4051.785,P90 (90th percentile of station spacing distribution),"Station is 4418m from nearest neighbor, above P90 threshold (4052m)",POTENTIAL_GEOGRAPHIC_GAP,MEDIUM,BMC via OpenCity.in,https://data.opencity.in/dataset/mumbai-suburban-network-2025,Geographic spacing only; population impact unknown (no population data); service quality unknown (no frequency data)
GAP_MUM_RAIL_STN_058,MUM_RAIL_STN_058,Virar,MUM_RAIL_STN_057,Nallasopara,LARGE_STATION_SPACING,IND_004,4474.08,4051.785,P90 (90th percentile of station spacing distribution),"Station is 4474m from nearest neighbor, above P90 threshold (4052m)",POTENTIAL_GEOGRAPHIC_GAP,MEDIUM,BMC via OpenCity.in,https://data.opencity.in/dataset/mumbai-suburban-network-2025,Geographic spacing only; population impact unknown (no population data); service quality unknown (no frequency data)
GAP_MUM_RAIL_STN_085,MUM_RAIL_STN_085,Badlapur,MUM_RAIL_STN_084,Ambernath,VERY_LARGE_STATION_SPACING,IND_005,7916.92,4798.4775,P95 (95th percentile of station spacing distribution),"Station is 7917m from nearest neighbor, above P95 threshold (4798m)",POTENTIAL_GEOGRAPHIC_GAP,MEDIUM,BMC via OpenCity.in,https://data.opencity.in/dataset/mumbai-suburban-network-2025,Geographic spacing only; population impact unknown (no population data); service quality unknown (no frequency data)
GAP_MUM_RAIL_STN_086,MUM_RAIL_STN_086,Vangani,MUM_RAIL_STN_087,Shelu,LARGE_STATION_SPACING,IND_004,4113.61,4051.785,P90 (90th percentile of station spacing distribution),"Station is 4114m from nearest neighbor, above P90 threshold (4052m)",POTENTIAL_GEOGRAPHIC_GAP,MEDIUM,BMC via OpenCity.in,https://data.opencity.in/dataset/mumbai-suburban-network-2025,Geographic spacing only; population impact unknown (no population data); service quality unknown (no frequency data)
GAP_MUM_RAIL_STN_087,MUM_RAIL_STN_087,Shelu,MUM_RAIL_STN_086,Vangani,LARGE_STATION_SPACING,IND_004,4113.61,4051.785,P90 (90th percentile of station spacing distribution),"Station is 4114m from nearest neighbor, above P90 threshold (4052m)",POTENTIAL_GEOGRAPHIC_GAP,MEDIUM,BMC via OpenCity.in,https://data.opencity.in/dataset/mumbai-suburban-network-2025,Geographic spacing only; population impact unknown (no population data); service quality unknown (no frequency data)
GAP_MUM_RAIL_STN_088,MUM_RAIL_STN_088,Neral,MUM_RAIL_STN_087,Shelu,LARGE_STATION_SPACING,IND_004,4312.02,4051.785,P90 (90th percentile of station spacing distribution),"Station is 4312m from nearest neighbor, above P90 threshold (4052m)",POTENTIAL_GEOGRAPHIC_GAP,MEDIUM,BMC via OpenCity.in,https://data.opencity.in/dataset/mumbai-suburban-network-2025,Geographic spacing only; population impact unknown (no population data); service quality unknown (no frequency data)
GAP_MUM_RAIL_STN_089,MUM_RAIL_STN_089,Bhivpuri Road,MUM_RAIL_STN_088,Neral,VERY_LARGE_STATION_SPACING,IND_005,6840.01,4798.4775,P95 (95th percentile of station spacing distribution),"Station is 6840m from nearest neighbor, above P95 threshold (4798m)",POTENTIAL_GEOGRAPHIC_GAP,MEDIUM,BMC via OpenCity.in,https://data.opencity.in/dataset/mumbai-suburban-network-2025,Geographic spacing only; population impact unknown (no population data); service quality unknown (no frequency data)
GAP_MUM_RAIL_STN_098,MUM_RAIL_STN_098,Titwala,MUM_RAIL_STN_097,Ambivili,VERY_LARGE_STATION_SPACING,IND_005,4906.61,4798.4775,P95 (95th percentile of station spacing distribution),"Station is 4907m from nearest neighbor, above P95 threshold (4798m)",POTENTIAL_GEOGRAPHIC_GAP,MEDIUM,BMC via OpenCity.in,https://data.opencity.in/dataset/mumbai-suburban-network-2025,Geographic spacing only; population impact unknown (no population data); service quality unknown (no frequency data)
GAP_MUM_RAIL_STN_099,MUM_RAIL_STN_099,Khadawali,MUM_RAIL_STN_098,Titwala,VERY_LARGE_STATION_SPACING,IND_005,7286.79,4798.4775,P95 (95th percentile of station spacing distribution),"Station is 7287m from nearest neighbor, above P95 threshold (4798m)",POTENTIAL_GEOGRAPHIC_GAP,MEDIUM,BMC via OpenCity.in,https://data.opencity.in/dataset/mumbai-suburban-network-2025,Geographic spacing only; population impact unknown (no population data); service quality unknown (no frequency data)
GAP_MUM_RAIL_STN_100,MUM_RAIL_STN_100,Vasind,MUM_RAIL_STN_099,Khadawali,VERY_LARGE_STATION_SPACING,IND_005,8015.77,4798.4775,P95 (95th percentile of station spacing distribution),"Station is 8016m from nearest neighbor, above P95 threshold (4798m)",POTENTIAL_GEOGRAPHIC_GAP,MEDIUM,BMC via OpenCity.in,https://data.opencity.in/dataset/mumbai-suburban-network-2025,Geographic spacing only; population impact unknown (no population data); service quality unknown (no frequency data)
GAP_MUM_RAIL_STN_102,MUM_RAIL_STN_102,Vaitarna,MUM_RAIL_STN_058,Virar,VERY_LARGE_STATION_SPACING,IND_005,8725.54,4798.4775,P95 (95th percentile of station spacing distribution),"Station is 8726m from nearest neighbor, above P95 threshold (4798m)",POTENTIAL_GEOGRAPHIC_GAP,MEDIUM,BMC via OpenCity.in,https://data.opencity.in/dataset/mumbai-suburban-network-2025,Geographic spacing only; population impact unknown (no population data); service quality unknown (no frequency data)
