source_id,city,metro_operator,state,dataset_name,source_org,source_url,format,official,stations_available,routes_available,trips_available,stop_times_available,shapes_available,frequencies_available,ridership_available,license,reference_year,download_status,notes
metro_hyd_hmrl_gtfs,Hyderabad,HMRL,Telangana,HMRL GTFS Static Feed,HMRL via OpenCity.in,https://data.opencity.in/dataset/4e72c202-4cdb-4437-a629-ffcbe9519f73/resource/5fa250e1-3104-4ca7-ad31-4fa3321f6255/download/telangana_opendata_gtfs_hmrl_03_july_2026.zip,GTFS ZIP,Yes,705,3,2820,61236,6 shapes (2450 pts),No,No,OpenCity terms,2026-07-03,DOWNLOADED,Full GTFS with shapes. 3 lines (Red/Blue/Green).
metro_bengaluru_stations_kml,Bengaluru,BMRCL,Karnataka,BMRCL Metro Station Locations KML,BMRCL via OpenCity.in,https://data.opencity.in/dataset/746940cd-cca7-45f5-a3bc-8b0034663605/resource/86e5641c-496c-43fa-8143-bae5f255afc4/download/e13b04fa-bcd8-4fb9-930b-d67ed31bc782.kml,KML,Yes,63,No,No,No,Lines in KML,No,No,OpenCity terms,2024,DOWNLOADED,63 station placemarks with coordinates. No schedule data.
metro_bengaluru_bmrcl_ridership_csv,Bengaluru,BMRCL,Karnataka,BMRCL Station Code Reference,BMRCL via OpenCity.in,https://data.opencity.in/dataset/369f18e0-4342-4809-b380-44f1d21d904f/resource/1ec4f39a-eede-44d4-8e1d-e8658cb89762/download/c47d24a2-8c27-4c3a-a9cd-05c0beafc83d.csv,CSV,Yes,95 codes,No,No,No,No,No,Yes (name only),OpenCity terms,2024,DOWNLOADED,Station code to name lookup. Labelled ridership but contains only codes.
metro_chennai_cmrl_ridership_csv,Chennai,CMRL,Tamil Nadu,CMRL Monthly Ridership 2023-2026,CMRL via OpenCity.in,https://data.opencity.in/dataset/118434fe-dd69-4dd3-a6a8-4c577326cc34/resource/c63ef5a0-e7d2-49b3-9c88-5ca5ce309fcf/download/cmrl-metro-ridership-2023-26.csv,CSV,Yes,No,No,No,No,No,No,Yes (monthly totals),OpenCity terms,2023-2026,DOWNLOADED,39 monthly passenger flow records by ticket type. No station/network data.
metro_delhi_dmrc_gtfs,Delhi,DMRC,Delhi NCT,DMRC Static GTFS,Delhi OTD / DMRC,https://otd.delhi.gov.in/data/staticDMRC/,GTFS,Yes,~262,~36,~17997,~411686,Unknown,Unknown,No,OTD terms,2025,MANUAL_DOWNLOAD_REQUIRED,CSRF form protection. Cannot automate via GET request.
metro_mumbai,Mumbai,MMRDA/MML,Maharashtra,No open-data found,—,—,—,No,—,—,—,—,—,—,—,—,—,NO_SOURCE_FOUND,Searched MMRDA and MML portals. No GTFS or CSV endpoint found.
metro_pune,Pune,Pune Metro Rail,Maharashtra,DPR document only,Pune Metro via OpenCity.in,https://data.opencity.in/dataset/pune-metro-detailed-project-report,PDF,Yes,—,—,—,—,—,—,—,—,—,PDF_ONLY,Only project report PDFs available. No machine-readable network data.
metro_nagpur,Nagpur,MahaMetro,Maharashtra,No open-data found,—,—,—,No,—,—,—,—,—,—,—,—,—,NO_SOURCE_FOUND,MahaMetro website is informational only.
metro_ahmedabad,Ahmedabad,MEGA,Gujarat,No open-data found,—,—,—,No,—,—,—,—,—,—,—,—,—,NO_SOURCE_FOUND,MEGA portal has static HTML only.
metro_jaipur,Jaipur,JMRC,Rajasthan,No open-data found,—,—,—,No,—,—,—,—,—,—,—,—,—,NO_SOURCE_FOUND,JMRC website has no data download section.
metro_kochi,Kochi,KMRL,Kerala,No direct-download GTFS found,—,—,—,No,—,—,—,—,—,—,—,—,—,NO_SOURCE_FOUND,KMRL links to apps only.
metro_lucknow,Lucknow,LMRC,Uttar Pradesh,No open-data found,—,—,—,No,—,—,—,—,—,—,—,—,—,NO_SOURCE_FOUND,LMRC website is informational only.
metro_noida,Noida,NMRC,Uttar Pradesh,Operated under DMRC,—,—,—,—,—,—,—,—,—,—,—,—,—,DEFERRED,Deferred to Delhi Metro data.
metro_gurugram,Gurugram,RMGL,Haryana,Defunct system,—,—,—,—,—,—,—,—,—,—,—,—,2023,NOT_APPLICABLE,Gurugram Rapid Metro ceased operations January 2023.
metro_kolkata,Kolkata,KMRC,West Bengal,No open-data found,—,—,—,No,—,—,—,—,—,—,—,—,—,NO_SOURCE_FOUND,KMRC website has no open-data section.
