Filename,Category,File Size (Bytes),Sheet Names,Rows,Columns,Target Path
Statewise_localbody_ward_coverage_2026-09-29_01-18-52.xlsx,Wards,456408,statewise_localbody_ward_covera,7258,15,data/raw/geography/wards/maharashtra/Statewise_localbody_ward_coverage_2026-09-29_01-18-52.xlsx
All_Sub_Districtof_India_2026-09-29_00-35-05.xlsx,Subdistricts,410558,allSubDistrictofIndia,7094,10,data/raw/geography/subdistricts/All_Sub_Districtof_India_2026-09-29_00-35-05.xlsx
Statewise_localbody_ward_coverage_2026-09-29_01-18-39.xlsx,Wards,34251,statewise_localbody_ward_covera,475,15,data/raw/geography/wards/delhi/Statewise_localbody_ward_coverage_2026-09-29_01-18-39.xlsx
Statewise_localbody_ward_coverage_2026-09-29_01-19-03.xlsx,Wards,730255,statewise_localbody_ward_covera,12731,15,data/raw/geography/wards/tamil_nadu/Statewise_localbody_ward_coverage_2026-09-29_01-19-03.xlsx
Statewise_ulbs_coverage_2026-09-29_01-12-21.xlsx,ULB Coverage,1932644,statewise_ulbs_coverage,35041,11,data/raw/geography/ulb_coverage_extra/Statewise_ulbs_coverage_2026-09-29_01-12-21.xlsx
Statewise_localbody_ward_coverage_2026-09-29_01-19-23.xlsx,Wards,497580,statewise_localbody_ward_covera,8381,15,data/raw/geography/wards/karnataka/Statewise_localbody_ward_coverage_2026-09-29_01-19-23.xlsx
All_Districtof_India_2026-09-29_00-34-34.xlsx,Districts,34835,allDistrictofIndia,786,7,data/raw/geography/districts/All_Districtof_India_2026-09-29_00-34-34.xlsx
Urban_Local_Body_India_2026-09-29_00-50-20.xlsx,ULBs,267426,urbanLocalBodyIndia,5053,9,data/raw/geography/ulbs/Urban_Local_Body_India_2026-09-29_00-50-20.xlsx
All_Stateof_India_2026-09-29_00-34-26.xlsx,States,5653,allStateofIndia,38,8,data/raw/geography/states/All_Stateof_India_2026-09-29_00-34-26.xlsx
