Metric,Count
Total States in states dataset,36
Districts in Andaman And Nicobar Islands,3
Subdistricts in Andaman And Nicobar Islands,9
ULBs in Andaman And Nicobar Islands,1
Districts in Andhra Pradesh,28
Subdistricts in Andhra Pradesh,688
ULBs in Andhra Pradesh,124
Districts in Arunachal Pradesh,27
Subdistricts in Arunachal Pradesh,209
ULBs in Arunachal Pradesh,35
Districts in Assam,35
Subdistricts in Assam,161
ULBs in Assam,115
Districts in Bihar,38
Subdistricts in Bihar,537
ULBs in Bihar,264
Districts in Chandigarh,1
Subdistricts in Chandigarh,1
ULBs in Chandigarh,1
Districts in Chhattisgarh,33
Subdistricts in Chhattisgarh,252
ULBs in Chhattisgarh,194
Districts in Delhi,13
Subdistricts in Delhi,39
ULBs in Delhi,4
Districts in Goa,3
Subdistricts in Goa,12
ULBs in Goa,14
Districts in Gujarat,34
Subdistricts in Gujarat,306
ULBs in Gujarat,170
Districts in Haryana,23
Subdistricts in Haryana,143
ULBs in Haryana,87
Districts in Himachal Pradesh,12
Subdistricts in Himachal Pradesh,193
ULBs in Himachal Pradesh,76
Districts in Jammu And Kashmir,20
Subdistricts in Jammu And Kashmir,208
ULBs in Jammu And Kashmir,78
Districts in Jharkhand,24
Subdistricts in Jharkhand,264
ULBs in Jharkhand,49
Districts in Karnataka,31
Subdistricts in Karnataka,240
ULBs in Karnataka,330
Districts in Kerala,14
Subdistricts in Kerala,78
ULBs in Kerala,93
Districts in Ladakh,2
Subdistricts in Ladakh,15
ULBs in Ladakh,2
Districts in Lakshadweep,1
Subdistricts in Lakshadweep,10
ULBs in Lakshadweep,0
Districts in Madhya Pradesh,55
Subdistricts in Madhya Pradesh,445
ULBs in Madhya Pradesh,413
Districts in Maharashtra,36
Subdistricts in Maharashtra,358
ULBs in Maharashtra,422
Districts in Manipur,16
Subdistricts in Manipur,65
ULBs in Manipur,27
Districts in Meghalaya,12
Subdistricts in Meghalaya,56
ULBs in Meghalaya,11
Districts in Mizoram,11
Subdistricts in Mizoram,28
ULBs in Mizoram,24
Districts in Nagaland,17
Subdistricts in Nagaland,120
ULBs in Nagaland,39
Districts in Odisha,30
Subdistricts in Odisha,317
ULBs in Odisha,143
Districts in Puducherry,2
Subdistricts in Puducherry,8
ULBs in Puducherry,5
Districts in Punjab,23
Subdistricts in Punjab,97
ULBs in Punjab,166
Districts in Rajasthan,41
Subdistricts in Rajasthan,425
ULBs in Rajasthan,309
Districts in Sikkim,6
Subdistricts in Sikkim,19
ULBs in Sikkim,9
Districts in Tamil Nadu,38
Subdistricts in Tamil Nadu,317
ULBs in Tamil Nadu,650
Districts in Telangana,33
Subdistricts in Telangana,621
ULBs in Telangana,161
Districts in The Dadra And Nagar Haveli And Daman And Diu,3
Subdistricts in The Dadra And Nagar Haveli And Daman And Diu,3
ULBs in The Dadra And Nagar Haveli And Daman And Diu,3
Districts in Tripura,8
Subdistricts in Tripura,23
ULBs in Tripura,27
Districts in Uttarakhand,13
Subdistricts in Uttarakhand,129
ULBs in Uttarakhand,107
Districts in Uttar Pradesh,75
Subdistricts in Uttar Pradesh,350
ULBs in Uttar Pradesh,770
Districts in West Bengal,23
Subdistricts in West Bengal,346
ULBs in West Bengal,128
Wards available in maharashtra,7256
Wards available in karnataka,7512
Wards available in tamil_nadu,12729
Wards available in delhi,280
