Dataset,Column,Total Rows,Missing Count,Missing %
States,state_code,36,0,0.0
States,state_version,36,0,0.0
States,state_name,36,0,0.0
States,state_name_1,36,0,0.0
States,census_2001_code,36,0,0.0
States,census_2011_code,36,0,0.0
States,state_or_ut,36,0,0.0
Districts,state_code,784,0,0.0
Districts,state_name,784,0,0.0
Districts,district_code,784,0,0.0
Districts,district_name,784,0,0.0
Districts,census_2001_code,784,0,0.0
Districts,census_2011_code,784,0,0.0
Subdistricts,state_code,7092,0,0.0
Subdistricts,state_name,7092,0,0.0
Subdistricts,district_code,7092,0,0.0
Subdistricts,district_name,7092,0,0.0
Subdistricts,sub_district_code,7092,0,0.0
Subdistricts,sub_district_version,7092,0,0.0
Subdistricts,sub_district_name,7092,0,0.0
Subdistricts,census_2001_code,7092,0,0.0
Subdistricts,census_2011_code,7092,0,0.0
ULBs,state_code,5051,0,0.0
ULBs,state_name,5051,0,0.0
ULBs,local_body_code,5051,0,0.0
ULBs,local_body_version,5051,0,0.0
ULBs,local_body_name,5051,0,0.0
ULBs,local_body_name_1,5051,122,2.42
ULBs,localbody_type_code,5051,0,0.0
ULBs,census_2011_code,5051,0,0.0
Wards,localbody_code,28837,0,0.0
Wards,ward_code,28837,0,0.0
Wards,localbody_name,28837,0,0.0
Wards,ward_number,28837,0,0.0
Wards,ward_name,28837,0,0.0
Wards,district_code,28837,0,0.0
Wards,district_name,28837,27779,96.33
Wards,district_census_code,28837,0,0.0
Wards,subdistrict_code,28837,0,0.0
Wards,subdistrict_name,28837,27816,96.46
Wards,subdistrict_census_code,28837,0,0.0
Wards,village_code,28837,0,0.0
Wards,village_census_code,28837,0,0.0
Wards,ward_source_state,28837,0,0.0
Wards,village_name,28837,28717,99.58
