state_code,state_version,state_name,state_name_local,census_2001_code,census_2011_code,state_or_ut
35,1,Andaman And Nicobar Islands,ANDAMAN AND NICOBAR ISLANDS,35,35,U
28,2,Andhra Pradesh,ANDHRA PRADESH,28,28,S
12,1,Arunachal Pradesh,ARUNACHAL PRADESH,12,12,S
18,1,Assam,ASSAM,18,18,S
10,1,Bihar,BIHAR,10,10,S
4,1,Chandigarh,CHANDIGARH,4,4,U
22,1,Chhattisgarh,छत्तीसगढ़,22,22,S
7,1,Delhi,DELHI,7,7,U
30,1,Goa,GOA,30,30,S
24,1,Gujarat,GUJARAT,24,24,S
6,1,Haryana,HARYANA,6,6,S
2,1,Himachal Pradesh,HIMACHAL PRADESH,2,2,S
1,3,Jammu And Kashmir,JAMMU AND KASHMIR,1,1,U
20,1,Jharkhand,झारखंड,20,20,S
29,1,Karnataka,ಕರ್ನಾಟಕ,29,29,S
32,1,Kerala,KERALA,32,32,S
37,1,Ladakh,Ladakh,0,0,U
31,1,Lakshadweep,LAKSHADWEEP,31,31,U
23,1,Madhya Pradesh,MADHYA PRADESH,23,23,S
27,1,Maharashtra,महाराष्ट्र,27,27,S
14,1,Manipur,MANIPUR,14,14,S
17,1,Meghalaya,MEGHALAYA,17,17,S
15,1,Mizoram,MIZORAM,15,15,S
13,1,Nagaland,NAGALAND,13,13,S
21,1,Odisha,ଓଡ଼ିଶା,21,21,S
34,1,Puducherry,PUDUCHERRY,34,34,U
3,1,Punjab,PUNJAB,3,3,S
8,1,Rajasthan,RAJASTHAN,8,8,S
11,1,Sikkim,SIKKIM,11,11,S
33,1,Tamil Nadu,TAMIL NADU,33,33,S
36,1,Telangana,తెలంగాణ,0,0,S
38,1,The Dadra And Nagar Haveli And Daman And Diu,THE DADRA AND NAGAR HAVELI AND DAMAN AND DIU,0,0,U
16,1,Tripura,ত্রিপুরা,16,16,S
5,1,Uttarakhand,UTTARAKHAND,5,5,S
9,1,Uttar Pradesh,UTTAR PRADESH,9,9,S
19,1,West Bengal,WEST BENGAL,19,19,S
