priority,state,transport_mode,missing_dataset,current_status,why_missing,source_identified,source_url,action_required,blocking_dependency,estimated_scope,notes
HIGH,Maharashtra,Local Rail,Population Data for Mumbai Catchments,BLOCKED,No census ward-level population data with spatial boundaries,PARTIAL,Multiple (Census 2021 / DataMeet / WorldPop),Collect Census 2021 ward-level population + boundaries OR use WorldPop 1km raster,None,Medium,"Unblocks 6 population indicators for Mumbai Suburban; enables underserved area identification"
HIGH,Maharashtra,Local Rail,Service Frequency for Mumbai Suburban,MISSING,No MRVC service frequency data,NO,,Identify and collect MRVC trains/hour per station (peak/off-peak),None,Medium,Unblocks 3 service indicators; enables effective accessibility analysis
HIGH,Maharashtra,Bus,BEST (Mumbai) Bus GTFS,MISSING,No Mumbai bus network data collected,UNKNOWN,,Identify if BEST publishes GTFS or stop/route data; collect,None,Large,"Mumbai is largest city in Maharashtra; bus network essential"
HIGH,Delhi,Bus,Delhi DTC Bus GTFS,BLOCKED,CSRF-protected download on Delhi OTD portal,YES,https://otd.delhi.gov.in/data/staticDTC/,Manual download via browser; extract and clean GTFS,None,Medium,Full GTFS available; manual download only
HIGH,Delhi,Metro,Delhi Metro (DMRC) GTFS,BLOCKED,CSRF-protected download on Delhi OTD portal,YES,https://otd.delhi.gov.in/data/staticDMRC/,Manual download via browser; extract and clean GTFS,None,Medium,"~262 stations, ~36 routes; full GTFS available"
HIGH,Tamil Nadu,Metro,Chennai Metro (CMRL) Stations,MISSING,No station coordinate data in repository,UNKNOWN,,Collect CMRL station coordinates (KML/CSV/GTFS),None,Small,Ridership data exists but no network data
HIGH,Tamil Nadu,Local Rail,Chennai Suburban Rail Stations,BLOCKED,Timetable in PDF/HTML only (Southern Railway),YES,https://sr.indianrailways.gov.in/,Extract stations from timetable OR find alternate machine-readable source,None,Medium,Official timetable exists; requires manual extraction
HIGH,Karnataka,Bus,BMTC (Bengaluru) Bus GTFS,MISSING,No Bengaluru bus network data collected,UNKNOWN,,Identify if BMTC publishes GTFS; collect stops and routes,None,Large,Bengaluru is capital of Karnataka; bus network essential
HIGH,Karnataka,Metro,Bengaluru Metro (BMRCL) GTFS,MISSING,Only station KML available; no service/schedule data,UNKNOWN,,Collect BMRCL GTFS with routes/trips/stop_times,Station KML already available,Medium,63 stations already collected; need service data
MEDIUM,Maharashtra,Local Rail,Mumbai Suburban Ridership,MISSING,No MRVC station-level ridership data,NO,,Identify MRVC ridership source; collect if available,None,Medium,Unblocks 2 ridership indicators; enables demand-based prioritization
MEDIUM,Maharashtra,Bus,MSRTC State-wide Bus Data,MISSING,No Maharashtra State RTC data collected,UNKNOWN,,Identify MSRTC GTFS availability; collect,None,Large,State-level intercity bus network
MEDIUM,Maharashtra,Bus,PMPML (Pune) Bus GTFS,MISSING,Only fleet counts from Smart Cities data,UNKNOWN,,Identify if PMPML publishes GTFS; collect,None,Medium,Pune is second-largest city in Maharashtra
MEDIUM,Maharashtra,Metro,Mumbai Metro Stations and GTFS,MISSING,No MMRDA/MML data found in repository,YES (listed in metro inventory),Search failed,Search MMRDA and MML portals again; check alternate sources,None,Medium,"Mumbai Metro operational but no open data found"
MEDIUM,Maharashtra,Metro,Pune Metro Stations,MISSING,Only PDF DPR available,YES,https://data.opencity.in/dataset/pune-metro-detailed-project-report,Extract station information from DPR PDF OR find KML/CSV,None,Small,Pune Metro operational; need machine-readable station data
MEDIUM,Karnataka,Metro,Bengaluru Metro Ridership,MISSING,File labeled ridership contains only station codes,UNKNOWN,,Identify BMRCL ridership source; collect actual ridership values,None,Small,Station codes already exist; need actual ridership numbers
MEDIUM,Tamil Nadu,Bus,MTC (Chennai) Bus GTFS,MISSING,No Chennai bus network data collected,UNKNOWN,,Identify if MTC publishes GTFS; collect,None,Large,Chennai is capital of Tamil Nadu; bus network essential
MEDIUM,Tamil Nadu,Metro,Chennai Metro (CMRL) GTFS,MISSING,Only ridership data available,UNKNOWN,,Collect CMRL GTFS with stations/routes/trips,None,Medium,Ridership exists; need network and service data
MEDIUM,Tamil Nadu,Local Rail,Chennai Suburban Timetable (Machine-Readable),BLOCKED,PDF/HTML timetable only,YES,https://sr.indianrailways.gov.in/,Manual extraction to GTFS format OR find alternate source,Chennai station coordinates,Large,Requires manual timetable extraction or scraping
MEDIUM,Telangana,Bus,TGSRTC Ridership,MISSING,Not included in GTFS,NO,,Identify TGSRTC ridership source (annual reports / OpenCity),None,Small,Full GTFS exists; ridership is additional data point
MEDIUM,Telangana,Metro,Hyderabad Metro Ridership,MISSING,Not included in GTFS,NO,,Identify HMRL ridership source (annual reports / OpenCity),None,Small,Full GTFS exists; ridership is additional data point
MEDIUM,Telangana,Local Rail,Hyderabad MMTS Stations and Timetable,MISSING,No machine-readable MMTS data found,YES,http://www.mmtstrains.in/ (third-party; not official),Collect MMTS station coordinates; extract timetable from third-party or official source,None,Medium,Third-party timetable aggregator exists but not authoritative
LOW,Maharashtra,Bus,Nagpur Bus Network Data,MISSING,Only fleet count from Smart Cities data,UNKNOWN,,Identify Nagpur bus operator; collect GTFS or stops,None,Small,Smaller city; lower priority than Mumbai/Pune
LOW,Maharashtra,Metro,Nagpur Metro (MahaMetro) Data,MISSING,No open data found,NO,,Search MahaMetro portal; check alternate sources,None,Small,Nagpur Metro operational but no data found
LOW,Maharashtra,Local Rail,Pune Suburban Rail Data,MISSING,No Pune-Lonavala EMU data collected,YES,Central Railway (no machine-readable data),Identify if Pune suburban rail publishes data; collect,None,Small,Limited suburban service compared to Mumbai
LOW,All States,All Modes,LGD Spatial Boundaries,BLOCKED,LGD codes available but no polygon geometries,YES,https://lgdirectory.gov.in/,Collect LGD ward/ULB spatial boundaries for all cities,None,Medium,Unblocks spatial joins and administrative mapping
LOW,All States,All Modes,Population by Geography,BLOCKED,No ward/ULB-level population data,YES,Census 2021 / DataMeet / WorldPop,Collect Census 2021 or alternate population sources with spatial linkage,LGD boundaries,Medium,Unblocks all population-based analyses
LOW,Telangana,Bus,Telangana Bus LGD Mapping (Complete),PARTIAL,Some LGD mapping done but incomplete,N/A,,Complete LGD mapping for all 5028 TGSRTC bus stops,LGD spatial boundaries,Small,Bus stops already geocoded; need LGD join
LOW,Telangana,Bus,Telangana Bus Catchment Analysis,NOT_STARTED,Geospatial processing not yet done,N/A,,Generate 500m/1km/2km catchments for 5028 bus stops,None,Medium,Bus stops already geocoded; ready for catchment generation
LOW,Telangana,Metro,Hyderabad Metro Catchment Analysis,NOT_STARTED,Geospatial processing not yet done,N/A,,Generate 500m/1km/2km catchments for 57 metro stations,None,Small,Stations already geocoded; ready for catchment generation
LOW,Telangana,Metro,Hyderabad Metro Gap Analysis,NOT_STARTED,EDA complete but gap analysis not done,N/A,,Perform station spacing and network gap analysis similar to Mumbai M4,Catchments,Small,Can replicate Mumbai M4 methodology
LOW,Karnataka,Metro,Bengaluru Metro Catchment Analysis,NOT_STARTED,Station coordinates available but geospatial not done,N/A,,Generate 500m/1km/2km catchments for 63 metro stations,None,Small,Stations already geocoded; ready for catchment generation
LOW,Karnataka,Metro,Bengaluru Metro Gap Analysis,NOT_STARTED,EDA complete but gap analysis not done,N/A,,Perform station spacing and network gap analysis,Catchments,Small,Can replicate Mumbai M4 methodology
LOW,Tamil Nadu,Metro,Chennai Metro Station Collection,MISSING,Ridership exists but no station/network data,UNKNOWN,,Collect CMRL station coordinates before catchment analysis,None,Small,Prerequisite for geospatial analysis
