state,transport_mode,raw_data,cleaning,validation,EDA,geospatial,LGD_mapping,population,accessibility,gap_analysis,overall_status,remaining_work
Maharashtra,Bus,PARTIAL,PARTIAL,NOT_APPLICABLE,PARTIAL,NOT_STARTED,NOT_STARTED,MISSING,NOT_STARTED,NOT_STARTED,MINIMAL,Collect MSRTC/BEST/PMPML GTFS; only Smart Cities fleet counts exist
Maharashtra,Metro,MISSING,NOT_STARTED,NOT_APPLICABLE,NOT_STARTED,NOT_STARTED,NOT_STARTED,MISSING,NOT_STARTED,NOT_STARTED,NOT_STARTED,Collect Mumbai/Pune/Nagpur Metro station and GTFS data
Maharashtra,Local Rail,AVAILABLE,COMPLETE,COMPLETE,COMPLETE,COMPLETE,BLOCKED,BLOCKED,COMPLETE,COMPLETE,SUBSTANTIAL,Unblock: population data + service frequency + ridership for Mumbai Suburban
Delhi,Bus,BLOCKED,NOT_STARTED,NOT_APPLICABLE,NOT_STARTED,NOT_STARTED,NOT_STARTED,MISSING,NOT_STARTED,NOT_STARTED,BLOCKED,Manual download Delhi DTC GTFS (CSRF protected)
Delhi,Metro,BLOCKED,NOT_STARTED,NOT_APPLICABLE,NOT_STARTED,NOT_STARTED,NOT_STARTED,MISSING,NOT_STARTED,NOT_STARTED,BLOCKED,Manual download Delhi Metro GTFS (CSRF protected)
Delhi,Local Rail,NOT_APPLICABLE,NOT_APPLICABLE,NOT_APPLICABLE,NOT_APPLICABLE,NOT_APPLICABLE,NOT_APPLICABLE,NOT_APPLICABLE,NOT_APPLICABLE,NOT_APPLICABLE,NOT_APPLICABLE,Delhi does not have suburban rail system
Karnataka,Bus,PARTIAL,PARTIAL,NOT_APPLICABLE,PARTIAL,NOT_STARTED,NOT_STARTED,MISSING,NOT_STARTED,NOT_STARTED,MINIMAL,Collect BMTC GTFS; only Smart Cities fleet counts exist
Karnataka,Metro,PARTIAL,COMPLETE,COMPLETE,COMPLETE,NOT_STARTED,NOT_STARTED,MISSING,NOT_STARTED,NOT_STARTED,PARTIAL,Station coordinates available (63 stations); collect BMRCL GTFS for service data
Karnataka,Local Rail,NOT_APPLICABLE,NOT_APPLICABLE,NOT_APPLICABLE,NOT_APPLICABLE,NOT_APPLICABLE,NOT_APPLICABLE,NOT_APPLICABLE,NOT_APPLICABLE,NOT_APPLICABLE,NOT_APPLICABLE,Bengaluru does not currently have suburban rail
Tamil Nadu,Bus,PARTIAL,PARTIAL,NOT_APPLICABLE,PARTIAL,NOT_STARTED,NOT_STARTED,MISSING,NOT_STARTED,NOT_STARTED,MINIMAL,Collect MTC (Chennai) GTFS; only Smart Cities fleet counts exist
Tamil Nadu,Metro,PARTIAL,COMPLETE,COMPLETE,COMPLETE,NOT_APPLICABLE,NOT_STARTED,MISSING,NOT_STARTED,NOT_STARTED,PARTIAL,Ridership data available (39 months); collect CMRL station coordinates and GTFS
Tamil Nadu,Local Rail,BLOCKED,NOT_STARTED,NOT_APPLICABLE,NOT_STARTED,NOT_STARTED,NOT_STARTED,MISSING,NOT_STARTED,NOT_STARTED,BLOCKED,Timetable exists (PDF/HTML) but not machine-readable; extract or collect separately
Telangana,Bus,AVAILABLE,COMPLETE,COMPLETE,COMPLETE,COMPLETE,PARTIAL,MISSING,NOT_STARTED,NOT_STARTED,SUBSTANTIAL,"Full GTFS with 5028 stops, 1031 routes; LGD mapping partial; population missing"
Telangana,Metro,AVAILABLE,COMPLETE,COMPLETE,COMPLETE,NOT_STARTED,NOT_STARTED,MISSING,NOT_STARTED,NOT_STARTED,SUBSTANTIAL,"Full GTFS with 57 stations, 3 lines, fare data; geospatial and gap analysis not yet done"
Telangana,Local Rail,MISSING,NOT_STARTED,NOT_APPLICABLE,NOT_STARTED,NOT_STARTED,NOT_STARTED,MISSING,NOT_STARTED,NOT_STARTED,NOT_STARTED,Collect Hyderabad MMTS station and timetable data
