state,transport_mode,dataset_category,dataset_name,status,record_count,file_path,source,source_url,geometry_available,cleaning_status,validation_status,eda_status,geospatial_status,gap_analysis_status,population_status,ridership_status,frequency_status,limitations,next_action
Maharashtra,Bus,Operators/Agencies,MSRTC Agency Data,MISSING,0,,,,,NOT_STARTED,NOT_APPLICABLE,NOT_STARTED,NOT_STARTED,NOT_STARTED,MISSING,MISSING,MISSING,No Maharashtra bus operator data in repository,Collect MSRTC GTFS or stop/route data
Maharashtra,Bus,Stations/Stops,Mumbai Bus Stops,MISSING,0,,,,,NOT_STARTED,NOT_APPLICABLE,NOT_STARTED,NOT_STARTED,NOT_STARTED,MISSING,MISSING,MISSING,No Mumbai bus network data,Collect BEST (Mumbai) bus data
Maharashtra,Bus,Stations/Stops,Pune Bus Stops,PARTIAL,2,ml/fields/public_transport/bus/data/processed/smartcities_bus_fleet_clean.csv,MoHUA via OpenCity,https://data.opencity.in/,NO,COMPLETE,NOT_APPLICABLE,COMPLETE,NOT_STARTED,NOT_STARTED,MISSING,MISSING,MISSING,Fleet counts only - no stop coordinates or routes,Collect PMPML GTFS or stop coordinates
Maharashtra,Bus,Stations/Stops,Nagpur Bus Stops,PARTIAL,1,ml/fields/public_transport/bus/data/processed/smartcities_bus_fleet_clean.csv,MoHUA via OpenCity,https://data.opencity.in/,NO,COMPLETE,NOT_APPLICABLE,COMPLETE,NOT_STARTED,NOT_STARTED,MISSING,MISSING,MISSING,Fleet counts only - no stop coordinates or routes,Collect Nagpur bus operator data
Maharashtra,Bus,Routes,Mumbai/Pune/Nagpur Bus Routes,MISSING,0,,,,,NOT_STARTED,NOT_APPLICABLE,NOT_STARTED,NOT_STARTED,NOT_STARTED,MISSING,MISSING,MISSING,No route geometry or GTFS routes,Collect GTFS from operators
Maharashtra,Bus,Service Data,Timetable/Trips,MISSING,0,,,,,NOT_STARTED,NOT_APPLICABLE,NOT_STARTED,NOT_STARTED,NOT_STARTED,MISSING,MISSING,MISSING,No service schedule data,Collect GTFS with trips/stop_times
Maharashtra,Bus,Ridership,Bus Ridership,MISSING,0,,,,,NOT_STARTED,NOT_APPLICABLE,NOT_STARTED,NOT_STARTED,NOT_STARTED,MISSING,MISSING,MISSING,No ridership data available,Identify MSRTC/BEST/PMPML ridership source
Maharashtra,Metro,Stations,Mumbai Metro Stations,MISSING,0,,,,,NOT_STARTED,NOT_APPLICABLE,NOT_STARTED,NOT_STARTED,NOT_STARTED,MISSING,MISSING,MISSING,No Mumbai Metro data found in repository,Collect MMRDA/MML station data
Maharashtra,Metro,Routes,Mumbai Metro Lines,MISSING,0,,,,,NOT_STARTED,NOT_APPLICABLE,NOT_STARTED,NOT_STARTED,NOT_STARTED,MISSING,MISSING,MISSING,No Mumbai Metro route data,Collect MMRDA/MML GTFS
Maharashtra,Metro,Stations,Pune Metro Stations,MISSING,0,,,,,NOT_STARTED,NOT_APPLICABLE,NOT_STARTED,NOT_STARTED,NOT_STARTED,MISSING,MISSING,MISSING,Only PDF DPR document available - no machine-readable data,Collect Pune Metro station coordinates
Maharashtra,Metro,Stations,Nagpur Metro Stations,MISSING,0,,,,,NOT_STARTED,NOT_APPLICABLE,NOT_STARTED,NOT_STARTED,NOT_STARTED,MISSING,MISSING,MISSING,No Nagpur Metro (MahaMetro) data found,Collect MahaMetro station/route data
Maharashtra,Metro,Service Data,Mumbai/Pune/Nagpur Metro GTFS,MISSING,0,,,,,NOT_STARTED,NOT_APPLICABLE,NOT_STARTED,NOT_STARTED,NOT_STARTED,MISSING,MISSING,MISSING,No GTFS available for any Maharashtra metro,Collect GTFS from operators
Maharashtra,Metro,Ridership,Metro Ridership,MISSING,0,,,,,NOT_STARTED,NOT_APPLICABLE,NOT_STARTED,NOT_STARTED,NOT_STARTED,MISSING,MISSING,MISSING,No ridership data,Identify ridership sources
Maharashtra,Local Rail,Stations,Mumbai Suburban Stations,AVAILABLE,106,ml/fields/public_transport/local_rail/data/processed/mumbai/mumbai_stations_clean.csv,BMC via OpenCity,https://data.opencity.in/dataset/mumbai-suburban-network-2025,YES,COMPLETE,COMPLETE,COMPLETE,COMPLETE,COMPLETE,MISSING,MISSING,MISSING,M1-M4 complete; population/service/ridership unavailable,Collect population + service frequency + ridership data
Maharashtra,Local Rail,Network Geometry,Mumbai Suburban Lines,AVAILABLE,106,ml/fields/public_transport/local_rail/data/processed/mumbai/mumbai_lines_clean.csv,BMC via OpenCity,https://data.opencity.in/dataset/mumbai-suburban-network-2025,YES,COMPLETE,COMPLETE,COMPLETE,COMPLETE,COMPLETE,MISSING,MISSING,MISSING,Line geometry available but no station-to-line mapping,Map stations to specific lines (Western/Central/Harbour)
Maharashtra,Local Rail,Station Spacing,Mumbai Station Spacing,AVAILABLE,106,ml/fields/public_transport/local_rail/data/processed/eda/mumbai_station_spacing.csv,Derived from M2,N/A,NO,COMPLETE,COMPLETE,COMPLETE,COMPLETE,COMPLETE,MISSING,MISSING,MISSING,Nearest-neighbor spacing calculated,None
Maharashtra,Local Rail,Catchments,Mumbai Station Catchments (500m/1km/2km),AVAILABLE,3,ml/fields/public_transport/local_rail/data/processed/geography/mumbai_accessibility_summary.csv,Generated M3,N/A,YES,COMPLETE,COMPLETE,COMPLETE,COMPLETE,COMPLETE,BLOCKED,MISSING,MISSING,Theoretical geographic catchments only,Calculate population within catchments
Maharashtra,Local Rail,Gap Analysis,Mumbai Infrastructure Gaps,AVAILABLE,11,ml/fields/public_transport/local_rail/data/processed/gaps/mumbai_potential_spacing_gaps.csv,M4 Analysis,N/A,NO,COMPLETE,COMPLETE,COMPLETE,COMPLETE,COMPLETE,BLOCKED,MISSING,MISSING,11 potential spacing gaps identified (P90/P95 thresholds),Unblock with population + service frequency
Maharashtra,Local Rail,Service Data,Mumbai Timetable/Frequency,MISSING,0,,,,,NOT_STARTED,NOT_APPLICABLE,NOT_STARTED,NOT_STARTED,BLOCKED,MISSING,MISSING,MISSING,No service frequency data available,Collect MRVC service frequency (trains/hour)
Maharashtra,Local Rail,Ridership,Mumbai Suburban Ridership,MISSING,0,,,,,NOT_STARTED,NOT_APPLICABLE,NOT_STARTED,NOT_STARTED,BLOCKED,MISSING,MISSING,MISSING,No station-level ridership data,Collect MRVC ridership by station
Maharashtra,Local Rail,Stations,Pune Suburban Stations,MISSING,0,,,,,NOT_STARTED,NOT_APPLICABLE,NOT_STARTED,NOT_STARTED,NOT_STARTED,MISSING,MISSING,MISSING,No Pune suburban rail data in repository,Collect Pune-Lonavala EMU station data
Delhi,Bus,Operators/Agencies,Delhi Bus Agency,BLOCKED,0,,,Delhi OTD,https://otd.delhi.gov.in/data/staticDTC/,NO,NOT_STARTED,NOT_APPLICABLE,NOT_STARTED,NOT_STARTED,NOT_STARTED,MISSING,MISSING,MISSING,GTFS available but requires manual download (CSRF protection),Manual download Delhi DTC GTFS
Delhi,Bus,Stations/Stops,Delhi Bus Stops,BLOCKED,0,,,Delhi OTD,https://otd.delhi.gov.in/data/staticDTC/,UNKNOWN,NOT_STARTED,NOT_APPLICABLE,NOT_STARTED,NOT_STARTED,NOT_STARTED,MISSING,MISSING,MISSING,GTFS exists but not yet downloaded,Manual download and clean
Delhi,Bus,Routes,Delhi Bus Routes,BLOCKED,0,,,Delhi OTD,https://otd.delhi.gov.in/data/staticDTC/,UNKNOWN,NOT_STARTED,NOT_APPLICABLE,NOT_STARTED,NOT_STARTED,NOT_STARTED,MISSING,MISSING,MISSING,GTFS exists but not yet downloaded,Manual download and clean
Delhi,Bus,Service Data,Delhi Bus GTFS,BLOCKED,0,,,Delhi OTD,https://otd.delhi.gov.in/data/staticDTC/,NO,NOT_STARTED,NOT_APPLICABLE,NOT_STARTED,NOT_STARTED,NOT_STARTED,MISSING,MISSING,MISSING,Manual download required due to CSRF,Manual download full GTFS
Delhi,Metro,Stations,Delhi Metro Stations,BLOCKED,0,,,Delhi OTD / DMRC,https://otd.delhi.gov.in/data/staticDMRC/,UNKNOWN,NOT_STARTED,NOT_APPLICABLE,NOT_STARTED,NOT_STARTED,NOT_STARTED,MISSING,MISSING,MISSING,GTFS exists (~262 stations) but manual download required,Manual download DMRC GTFS
Delhi,Metro,Routes,Delhi Metro Lines,BLOCKED,0,,,Delhi OTD / DMRC,https://otd.delhi.gov.in/data/staticDMRC/,UNKNOWN,NOT_STARTED,NOT_APPLICABLE,NOT_STARTED,NOT_STARTED,NOT_STARTED,MISSING,MISSING,MISSING,GTFS exists (~36 routes) but manual download required,Manual download DMRC GTFS
Delhi,Metro,Service Data,Delhi Metro GTFS,BLOCKED,0,,,Delhi OTD / DMRC,https://otd.delhi.gov.in/data/staticDMRC/,NO,NOT_STARTED,NOT_APPLICABLE,NOT_STARTED,NOT_STARTED,NOT_STARTED,MISSING,MISSING,MISSING,Full GTFS with trips/stop_times available but download blocked,Manual download full GTFS
Delhi,Metro,Ridership,Delhi Metro Ridership,MISSING,0,,,,,NOT_STARTED,NOT_APPLICABLE,NOT_STARTED,NOT_STARTED,NOT_STARTED,MISSING,MISSING,MISSING,No ridership source identified,Identify DMRC ridership data source
Delhi,Local Rail,Stations,Delhi Suburban Rail Stations,MISSING,0,,,,,NOT_STARTED,NOT_APPLICABLE,NOT_STARTED,NOT_STARTED,NOT_STARTED,MISSING,MISSING,MISSING,No Delhi suburban rail data found,Investigate if Delhi has suburban rail system
Delhi,Local Rail,Service Data,Delhi Suburban Rail Timetable,NOT_APPLICABLE,0,,,,,NOT_APPLICABLE,NOT_APPLICABLE,NOT_APPLICABLE,NOT_APPLICABLE,NOT_APPLICABLE,NOT_APPLICABLE,NOT_APPLICABLE,NOT_APPLICABLE,Delhi does not have a suburban rail system like Mumbai/Chennai,N/A
Karnataka,Bus,Operators/Agencies,KSRTC/BMTC Agency,MISSING,0,,,,,NOT_STARTED,NOT_APPLICABLE,NOT_STARTED,NOT_STARTED,NOT_STARTED,MISSING,MISSING,MISSING,No Karnataka bus operator data in repository,Collect BMTC (Bengaluru) GTFS
Karnataka,Bus,Stations/Stops,Bengaluru Bus Stops,PARTIAL,2,ml/fields/public_transport/bus/data/processed/smartcities_bus_fleet_clean.csv,MoHUA via OpenCity,https://data.opencity.in/,NO,COMPLETE,NOT_APPLICABLE,COMPLETE,NOT_STARTED,NOT_STARTED,MISSING,MISSING,MISSING,"Fleet counts only (850 AC, 5827 Non-AC buses) - no stop coordinates",Collect BMTC GTFS with stop coordinates
Karnataka,Bus,Routes,Bengaluru Bus Routes,MISSING,0,,,,,NOT_STARTED,NOT_APPLICABLE,NOT_STARTED,NOT_STARTED,NOT_STARTED,MISSING,MISSING,MISSING,No route data,Collect BMTC GTFS routes
Karnataka,Bus,Service Data,Karnataka Bus GTFS,MISSING,0,,,,,NOT_STARTED,NOT_APPLICABLE,NOT_STARTED,NOT_STARTED,NOT_STARTED,MISSING,MISSING,MISSING,No GTFS data,Collect BMTC/KSRTC GTFS
Karnataka,Metro,Stations,Bengaluru Metro Stations,AVAILABLE,63,ml/fields/public_transport/metro/data/processed/final/metro_stations.csv,BMRCL via OpenCity,https://data.opencity.in/,YES,COMPLETE,COMPLETE,COMPLETE,NOT_STARTED,NOT_STARTED,MISSING,MISSING,MISSING,63 station coordinates from KML; no GTFS,Collect BMRCL GTFS for service data
Karnataka,Metro,Routes,Bengaluru Metro Lines,PARTIAL,0,ml/fields/public_transport/metro/data/processed/bengaluru/stations_clean.csv,BMRCL via OpenCity,https://data.opencity.in/,YES,COMPLETE,COMPLETE,COMPLETE,NOT_STARTED,NOT_STARTED,MISSING,MISSING,MISSING,Line geometry in KML but no GTFS routes,Collect BMRCL GTFS
Karnataka,Metro,Service Data,Bengaluru Metro GTFS,MISSING,0,,,,,NOT_STARTED,NOT_APPLICABLE,NOT_STARTED,NOT_STARTED,NOT_STARTED,MISSING,MISSING,MISSING,No GTFS data - only station KML,Collect BMRCL GTFS with trips/stop_times
Karnataka,Metro,Ridership,Bengaluru Metro Ridership,MISSING,0,ml/fields/public_transport/metro/data/processed/bengaluru/station_codes_clean.csv,BMRCL via OpenCity,https://data.opencity.in/,NO,COMPLETE,NOT_APPLICABLE,COMPLETE,NOT_STARTED,NOT_STARTED,MISSING,MISSING,MISSING,File labeled ridership but contains only station codes/names,Collect actual BMRCL ridership data
Karnataka,Local Rail,Stations,Bengaluru Suburban Rail Stations,MISSING,0,,,,,NOT_STARTED,NOT_APPLICABLE,NOT_STARTED,NOT_STARTED,NOT_STARTED,MISSING,MISSING,MISSING,No Bengaluru suburban rail data,Investigate if Bengaluru has suburban rail (or planned)
Karnataka,Local Rail,Service Data,Bengaluru Suburban Rail,NOT_APPLICABLE,0,,,,,NOT_APPLICABLE,NOT_APPLICABLE,NOT_APPLICABLE,NOT_APPLICABLE,NOT_APPLICABLE,NOT_APPLICABLE,NOT_APPLICABLE,NOT_APPLICABLE,Bengaluru does not currently have suburban rail system,N/A
Tamil Nadu,Bus,Operators/Agencies,MTC Agency,MISSING,0,,,,,NOT_STARTED,NOT_APPLICABLE,NOT_STARTED,NOT_STARTED,NOT_STARTED,MISSING,MISSING,MISSING,No Tamil Nadu bus data in repository,Collect MTC (Chennai) GTFS
Tamil Nadu,Bus,Stations/Stops,Chennai Bus Stops,PARTIAL,2,ml/fields/public_transport/bus/data/processed/smartcities_bus_fleet_clean.csv,MoHUA via OpenCity,https://data.opencity.in/,NO,COMPLETE,NOT_APPLICABLE,COMPLETE,NOT_STARTED,NOT_STARTED,MISSING,MISSING,MISSING,Fleet counts only (3740 buses) - no stop coordinates,Collect MTC GTFS
Tamil Nadu,Bus,Routes,Chennai Bus Routes,MISSING,0,,,,,NOT_STARTED,NOT_APPLICABLE,NOT_STARTED,NOT_STARTED,NOT_STARTED,MISSING,MISSING,MISSING,No route data,Collect MTC GTFS
Tamil Nadu,Bus,Service Data,Tamil Nadu Bus GTFS,MISSING,0,,,,,NOT_STARTED,NOT_APPLICABLE,NOT_STARTED,NOT_STARTED,NOT_STARTED,MISSING,MISSING,MISSING,No GTFS data,Collect MTC GTFS
Tamil Nadu,Metro,Stations,Chennai Metro Stations,MISSING,0,,,,,NOT_STARTED,NOT_APPLICABLE,NOT_STARTED,NOT_STARTED,NOT_STARTED,MISSING,MISSING,MISSING,No Chennai Metro station coordinates in repository,Collect CMRL station data
Tamil Nadu,Metro,Routes,Chennai Metro Lines,MISSING,0,,,,,NOT_STARTED,NOT_APPLICABLE,NOT_STARTED,NOT_STARTED,NOT_STARTED,MISSING,MISSING,MISSING,No Chennai Metro route data,Collect CMRL GTFS or KML
Tamil Nadu,Metro,Ridership,Chennai Metro Ridership,AVAILABLE,39,ml/fields/public_transport/metro/data/processed/final/metro_ridership_chennai.csv,CMRL via OpenCity,https://data.opencity.in/,NO,COMPLETE,COMPLETE,COMPLETE,NOT_APPLICABLE,NOT_STARTED,NOT_APPLICABLE,AVAILABLE,MISSING,Monthly system-wide ridership (Apr 2023 - Jun 2026) by ticket type,Collect station coordinates and GTFS
Tamil Nadu,Local Rail,Stations,Chennai Suburban Rail Stations,MISSING,0,,,Southern Railway,https://sr.indianrailways.gov.in/,NO,NOT_STARTED,NOT_APPLICABLE,NOT_STARTED,NOT_STARTED,NOT_STARTED,MISSING,MISSING,MISSING,Timetable exists (PDF/HTML) but no machine-readable station data,Extract stations from Southern Railway timetable or collect separately
Tamil Nadu,Local Rail,Service Data,Chennai Suburban Timetable,BLOCKED,0,,,Southern Railway,https://sr.indianrailways.gov.in/,NO,NOT_STARTED,NOT_APPLICABLE,NOT_STARTED,NOT_STARTED,NOT_STARTED,MISSING,MISSING,MISSING,Timetable in PDF/HTML format - not GTFS,Manual extraction required
Telangana,Bus,Operators/Agencies,TGSRTC Agency,AVAILABLE,1,ml/fields/public_transport/bus/data/processed/bus_agency_clean.csv,TGSRTC via OpenCity,https://data.opencity.in/,NO,COMPLETE,COMPLETE,COMPLETE,NOT_STARTED,NOT_STARTED,MISSING,MISSING,MISSING,Single agency record for Telangana State RTC,None
Telangana,Bus,Stations/Stops,Telangana/Hyderabad Bus Stops,AVAILABLE,5028,ml/fields/public_transport/bus/data/processed/bus_stops_clean.csv,TGSRTC via OpenCity,https://data.opencity.in/,YES,COMPLETE,COMPLETE,COMPLETE,COMPLETE,NOT_STARTED,MISSING,MISSING,MISSING,5028 bus stops with coordinates; GeoJSON created,LGD mapping and catchment analysis
Telangana,Bus,Routes,Telangana Bus Routes,AVAILABLE,1031,ml/fields/public_transport/bus/data/processed/bus_routes_clean.csv,TGSRTC via OpenCity,https://data.opencity.in/,YES,COMPLETE,COMPLETE,COMPLETE,COMPLETE,NOT_STARTED,MISSING,MISSING,MISSING,1031 routes with route geometry derived from stop sequences,None
Telangana,Bus,Service Data,TGSRTC GTFS (Trips/Stop Times),AVAILABLE,Multiple,ml/fields/public_transport/bus/data/processed/,TGSRTC via OpenCity,https://data.opencity.in/,NO,COMPLETE,COMPLETE,COMPLETE,NOT_STARTED,NOT_STARTED,MISSING,MISSING,MISSING,"Full GTFS: trips, stop_times, calendar, feed_info",Calculate frequency from stop_times
Telangana,Bus,Ridership,TGSRTC Ridership,MISSING,0,,,,,NOT_STARTED,NOT_APPLICABLE,NOT_STARTED,NOT_STARTED,NOT_STARTED,MISSING,MISSING,MISSING,No ridership data in GTFS,Identify TGSRTC ridership source
Telangana,Metro,Stations,Hyderabad Metro Stations,AVAILABLE,57,ml/fields/public_transport/metro/data/processed/final/metro_stations.csv,HMRL via OpenCity,https://data.opencity.in/,YES,COMPLETE,COMPLETE,COMPLETE,NOT_STARTED,NOT_STARTED,MISSING,MISSING,MISSING,57 stations from GTFS stops; includes platforms (117 total),Calculate catchments
Telangana,Metro,Routes,Hyderabad Metro Lines,AVAILABLE,3,ml/fields/public_transport/metro/data/processed/hyderabad/routes_clean.csv,HMRL via OpenCity,https://data.opencity.in/,YES,COMPLETE,COMPLETE,COMPLETE,NOT_STARTED,NOT_STARTED,MISSING,MISSING,MISSING,3 metro corridors (Red/Blue/Green) with 6 shape linestrings,None
Telangana,Metro,Service Data,Hyderabad Metro GTFS,AVAILABLE,Multiple,ml/fields/public_transport/metro/data/processed/hyderabad/,HMRL via OpenCity,https://data.opencity.in/,YES,COMPLETE,COMPLETE,COMPLETE,NOT_STARTED,NOT_STARTED,MISSING,MISSING,MISSING,"Full GTFS: 2820 trips, 61236 stop_times, shapes, calendar",Calculate service frequency from stop_times
Telangana,Metro,Fare Data,Hyderabad Metro Fares,AVAILABLE,10,ml/fields/public_transport/metro/data/processed/hyderabad/fare_attributes_clean.csv,HMRL via OpenCity,https://data.opencity.in/,NO,COMPLETE,COMPLETE,COMPLETE,NOT_APPLICABLE,NOT_STARTED,NOT_APPLICABLE,NOT_APPLICABLE,NOT_APPLICABLE,10 fare zones with fare_rules matrix (3249 origin-destination pairs),None
Telangana,Metro,Ridership,Hyderabad Metro Ridership,MISSING,0,,,,,NOT_STARTED,NOT_APPLICABLE,NOT_STARTED,NOT_STARTED,NOT_STARTED,MISSING,MISSING,MISSING,No ridership data in GTFS or separate file,Identify HMRL ridership source
Telangana,Local Rail,Stations,Hyderabad MMTS Stations,MISSING,0,,,South Central Railway,https://scr.indianrailways.gov.in/,NO,NOT_STARTED,NOT_APPLICABLE,NOT_STARTED,NOT_STARTED,NOT_STARTED,MISSING,MISSING,MISSING,No machine-readable MMTS data found,Collect MMTS station coordinates and timetable
