station_id,station_name,latitude,longitude,metro_system_id,source
MYP,Miyapur,17.4965452,78.3730262,HYD,GTFS
JNT,JNTU College,17.4987037,78.3888668,HYD,GTFS
KPH,KPHB Colony,17.4937602,78.4018258,HYD,GTFS
KUK,Kukatpally,17.4849033,78.4117896,HYD,GTFS
BLR,Balanagar,17.4767464,78.4221082,HYD,GTFS
MSP,Moosapet,17.4718855,78.4261182,HYD,GTFS
BTN,Bharat Nagar,17.4629092,78.4305364,HYD,GTFS
ERA,Erragadda,17.4570487,78.4335811,HYD,GTFS
ESI,ESI Hospital,17.4486969,78.4376283,HYD,GTFS
SRN,S. R. Nagar,17.4431205,78.4407241,HYD,GTFS
AME,Ameerpet,17.4357214,78.4447933,HYD,GTFS
PUN,Panjagutta,17.4289362,78.450955,HYD,GTFS
IRM,Erra Manzil,17.4202292,78.4563489,HYD,GTFS
KHA,Khairatabad,17.4116323,78.4608678,HYD,GTFS
LKP,Lakdi-ka-pul,17.4040433,78.4649442,HYD,GTFS
ASM,Assembly,17.3979907,78.4708797,HYD,GTFS
NAM,Nampally,17.392222,78.4701612,HYD,GTFS
GAB,Gandhi Bhavan,17.3858253,78.4733347,HYD,GTFS
OMC,Osmania Medical College,17.3820769,78.4817011,HYD,GTFS
MGB,Mahatma Gandhi Bus Station,17.3797886,78.4861571,HYD,GTFS
MKL,Malakpet,17.3771888,78.4939356,HYD,GTFS
NEM,New Market,17.3734454,78.5031791,HYD,GTFS
MSB,Musarambagh,17.3710873,78.5119545,HYD,GTFS
DSN,Dilsukh Nagar,17.3685493,78.5253873,HYD,GTFS
CHP,Chaitanyapuri,17.3681501,78.5381335,HYD,GTFS
VOM,Victoria Memorial,17.3618565,78.5439622,HYD,GTFS
LBN,L. B. Nagar,17.349846,78.5479412,HYD,GTFS
SUB,Sultan Bazar,17.3844473,78.4840241,HYD,GTFS
NAR,Narayanaguda,17.3943658,78.4899578,HYD,GTFS
CDP,Chikkadpally,17.4003634,78.4948964,HYD,GTFS
RTC,RTC Cross Roads,17.4070321,78.4968023,HYD,GTFS
MSH,Musheerabad,17.4178744,78.4995051,HYD,GTFS
GNH,Gandhi Hospital,17.4255155,78.501956,HYD,GTFS
SCR,Secunderabad West,17.4338034,78.4995181,HYD,GTFS
JBS,JBS Parade Ground,17.4444775,78.497584,HYD,GTFS
NAG,Nagole,17.3907683,78.5588222,HYD,GTFS
UPL,Uppal,17.4000665,78.5601868,HYD,GTFS
STD,Stadium,17.4074002,78.5542531,HYD,GTFS
NGR,NGRI,17.4148264,78.5463345,HYD,GTFS
HSG,Habsiguda,17.42018,78.540548,HYD,GTFS
TAR,Tarnaka,17.4274418,78.5300079,HYD,GTFS
MET,Mettuguda,17.4355207,78.5195754,HYD,GTFS
SEC_E,Secunderabad East,17.4357184,78.5054623,HYD,GTFS
PRG,Parade Ground,17.4431943,78.4974687,HYD,GTFS
PAR,Paradise,17.4434668,78.4862436,HYD,GTFS
ROP,Rasoolpura,17.443612,78.4764053,HYD,GTFS
PRN,Prakash Nagar,17.4448889,78.4658749,HYD,GTFS
BEG,Begumpet,17.4375661,78.4569341,HYD,GTFS
MUN,Madhura Nagar,17.4369652,78.4390993,HYD,GTFS
YUG,Yusufguda,17.4351132,78.4273216,HYD,GTFS
JR5,Road No 5 Jubilee Hills,17.4300489,78.4232069,HYD,GTFS
JCP,Jubilee Hills Checkpost,17.4281969,78.4137145,HYD,GTFS
PED,Peddamma Gudi,17.4306512,78.4083721,HYD,GTFS
MAD,Madhapur,17.4372637,78.4004257,HYD,GTFS
DGC,Durgam Cheruvu,17.4429466,78.3875721,HYD,GTFS
HTC,HITEC City,17.4490055,78.3831376,HYD,GTFS
RDG,Raidurg,17.442,78.3772038,HYD,GTFS
BLR_001,Whitefield (Kadugodi),12.9956461,77.757859,BLR,KML
BLR_002,Hopefarm Channasandra,12.9871126,77.7537582,BLR,KML
BLR_003,Kadugodi Tree Park,12.9856768,77.7470262,BLR,KML
BLR_004,Pattandur Agrahara,12.9876393,77.7377718,BLR,KML
BLR_005,Sathya Sai Hospital,12.9811949,77.7275361,BLR,KML
BLR_006,Nallurahalli,12.9766408,77.7248845,BLR,KML
BLR_007,Kundalahalli,12.977594,77.7155586,BLR,KML
BLR_008,Seetharampalya,12.9809532,77.7087519,BLR,KML
BLR_009,Hoodi,12.9888029,77.711326,BLR,KML
BLR_010,Garudacharpalya,12.9934505,77.7036768,BLR,KML
BLR_011,Singayyanapalya,12.9965445,77.6927176,BLR,KML
BLR_012,Krishnarajapura,12.9999042,77.6776721,BLR,KML
BLR_013,Nagasandra,13.0479497,77.5001349,BLR,KML
BLR_014,Dasarahalli,13.0432607,77.5125535,BLR,KML
BLR_015,Jalahalli,13.0394104,77.5197351,BLR,KML
BLR_016,Srirampura,12.9965253,77.5631963,BLR,KML
BLR_017,Baiyyappanahalli,12.9907623,77.6523976,BLR,KML
BLR_018,Swami Vivekananda Road,12.9859306,77.644897,BLR,KML
BLR_019,Indiranagar,12.9783325,77.6386612,BLR,KML
BLR_020,Halasuru,12.9764992,77.626686,BLR,KML
BLR_021,Trinity,12.9730218,77.6170205,BLR,KML
BLR_022,Mahatma Gandhi Road,12.9755264,77.6067902,BLR,KML
BLR_023,Cubbon Park,12.9809575,77.5975756,BLR,KML
BLR_024,"Dr. B R Ambedkar Station, Vidhana Soudha",12.9787419,77.5916385,BLR,KML
BLR_025,Sir M Vishweshwariah - Central College,12.9745197,77.58422,BLR,KML
BLR_026,"Nadaprabhu Kempegowda Station, Majestic",12.9757079,77.5728757,BLR,KML
BLR_027,Krantivira Sangolli Rayanna,12.9758768,77.5653767,BLR,KML
BLR_028,Magadi Road,12.975632,77.5553523,BLR,KML
BLR_029,"Sri Balagangadaranatha Swamy, Hosahalli",12.9742933,77.5456215,BLR,KML
BLR_030,Vijayanagara,12.9709559,77.5374044,BLR,KML
BLR_031,Attiguppe,12.9618931,77.5335788,BLR,KML
BLR_032,Deepanjali Nagar,12.9520578,77.5370122,BLR,KML
BLR_033,Mysore Road,12.9467183,77.5301588,BLR,KML
BLR_034,Mantri Square Sampige Road,12.9904629,77.5707293,BLR,KML
BLR_035,Mahakavi Kuvempu Road,12.9985297,77.5568986,BLR,KML
BLR_036,Rajajinagar,13.0005247,77.5496568,BLR,KML
BLR_037,Mahalakshmi,13.0080952,77.5487134,BLR,KML
BLR_038,Sandal Soap Factory,13.0146544,77.5539839,BLR,KML
BLR_039,Goraguntepalya,13.0284078,77.5408961,BLR,KML
BLR_040,Peenya,13.0330189,77.533201,BLR,KML
BLR_041,Peenya Industry,13.0363176,77.5254924,BLR,KML
BLR_042,Yelachenahalli,12.8960498,77.5701194,BLR,KML
BLR_043,J P Nagar,12.9074747,77.5731279,BLR,KML
BLR_044,Banashankari,12.9152208,77.573598,BLR,KML
BLR_045,Rashtriya Vidyalaya Road,12.9213258,77.5802295,BLR,KML
BLR_046,Jayanagar,12.9295069,77.5801439,BLR,KML
BLR_047,South End Circle,12.9382573,77.5800556,BLR,KML
BLR_048,Lalbagh,12.9465265,77.580016,BLR,KML
BLR_049,National College,12.9505161,77.5736794,BLR,KML
BLR_050,Krishna Rajendra Market,12.9608788,77.5746578,BLR,KML
BLR_051,Chikkapete,12.9668935,77.5745663,BLR,KML
BLR_052,Jnana Bharathi,12.9354357,77.5124063,BLR,KML
BLR_053,Nayandahalli,12.9416715,77.5251166,BLR,KML
BLR_054,Kengeri Bus Terminal,12.914689,77.4878557,BLR,KML
BLR_055,Kengeri,12.9079105,77.4765784,BLR,KML
BLR_056,Rajarajeshwari Nagar,12.9365996,77.5196788,BLR,KML
BLR_057,Pattanagere,12.9242505,77.4983509,BLR,KML
BLR_058,Silk Institute,12.8617298,77.5299545,BLR,KML
BLR_059,Thalaghattapura,12.8714097,77.5383958,BLR,KML
BLR_060,Vajarahalli,12.8774369,77.5447414,BLR,KML
BLR_061,Doddakallasandra,12.8846435,77.5527546,BLR,KML
BLR_062,Konanakunte Cross,12.8889671,77.5626665,BLR,KML
BLR_063,Yeshwanthapura,13.02327288918433,77.54989340981854,BLR,KML
