dataset_id,city,operator,source,filename,file_format,file_path,file_size,row_count,column_count,columns,date_range,coordinate_available,geometry_available,primary_key_candidate,missing_percentage,duplicate_percentage,notes
metro_hyd_hmrl_agency,Hyderabad,HMRL,OpenCity,agency.txt,TXT/CSV,data/raw/metro/hyderabad/telangana_opendata_gtfs_hmrl_03_july_2026.zip,247,1,8,"agency_id, agency_name, agency_url, agency_timezone, agency_lang, agency_fare_url, agency_email, agency_phone",2026,False,False,,0.0,0.0,Part of GTFS. agency.txt
metro_hyd_hmrl_calendar,Hyderabad,HMRL,OpenCity,calendar.txt,TXT/CSV,data/raw/metro/hyderabad/telangana_opendata_gtfs_hmrl_03_july_2026.zip,193,3,10,"service_id, monday, tuesday, wednesday, thursday, friday, saturday, sunday, start_date, end_date",2026,False,False,,0.0,0.0,Part of GTFS. calendar.txt
metro_hyd_hmrl_fare_rules,Hyderabad,HMRL,OpenCity,fare_rules.txt,TXT/CSV,data/raw/metro/hyderabad/telangana_opendata_gtfs_hmrl_03_july_2026.zip,43182,3249,3,"origin_id, destination_id, fare_id",2026,False,False,,0.0,0.0,Part of GTFS. fare_rules.txt
metro_hyd_hmrl_fare_attributes,Hyderabad,HMRL,OpenCity,fare_attributes.txt,TXT/CSV,data/raw/metro/hyderabad/telangana_opendata_gtfs_hmrl_03_july_2026.zip,263,10,6,"fare_id, price, currency_type, payment_method, transfers, agency_id",2026,False,False,,16.67,0.0,Part of GTFS. fare_attributes.txt
metro_hyd_hmrl_stops,Hyderabad,HMRL,OpenCity,stops.txt,TXT/CSV,data/raw/metro/hyderabad/telangana_opendata_gtfs_hmrl_03_july_2026.zip,42278,705,8,"stop_id, stop_name, stop_lat, stop_lon, zone_id, location_type, parent_station, platform_code",2026,True,False,stop_id,20.89,0.0,Part of GTFS. stops.txt
metro_hyd_hmrl_routes,Hyderabad,HMRL,OpenCity,routes.txt,TXT/CSV,data/raw/metro/hyderabad/telangana_opendata_gtfs_hmrl_03_july_2026.zip,342,3,8,"route_id, agency_id, route_short_name, route_long_name, route_type, route_color, route_text_color, route_sort_order",2026,False,False,route_id,0.0,0.0,Part of GTFS. routes.txt
metro_hyd_hmrl_trips,Hyderabad,HMRL,OpenCity,trips.txt,TXT/CSV,data/raw/metro/hyderabad/telangana_opendata_gtfs_hmrl_03_july_2026.zip,128807,2820,7,"service_id, route_id, trip_id, direction_id, trip_headsign, block_id, shape_id",2026,False,False,trip_id,0.0,0.0,Part of GTFS. trips.txt
metro_hyd_hmrl_stop_times,Hyderabad,HMRL,OpenCity,stop_times.txt,TXT/CSV,data/raw/metro/hyderabad/telangana_opendata_gtfs_hmrl_03_july_2026.zip,2621392,61236,7,"trip_id, stop_sequence, stop_id, arrival_time, departure_time, timepoint, shape_dist_traveled",2026,False,False,stop_id,0.0,0.0,Part of GTFS. stop_times.txt
metro_hyd_hmrl_shapes,Hyderabad,HMRL,OpenCity,shapes.txt,TXT/CSV,data/raw/metro/hyderabad/telangana_opendata_gtfs_hmrl_03_july_2026.zip,90070,2450,5,"shape_id, shape_pt_lat, shape_pt_lon, shape_pt_sequence, shape_dist_traveled",2026,False,True,,0.0,0.0,Part of GTFS. shapes.txt
metro_hyd_hmrl_feed_info,Hyderabad,HMRL,OpenCity,feed_info.txt,TXT/CSV,data/raw/metro/hyderabad/telangana_opendata_gtfs_hmrl_03_july_2026.zip,209,1,6,"feed_publisher_name, feed_publisher_url, feed_lang, feed_contact_url, feed_start_date, feed_end_date",2026,False,False,,0.0,0.0,Part of GTFS. feed_info.txt
metro_bengaluru_stations_kml,Bengaluru,BMRCL,OpenCity,bengaluru_metro_stations.kml,KML,data/raw/metro/bengaluru/bengaluru_metro_stations.kml,80686,63,2,"name, coordinates",2024,True,True,name,0.0,0.0,KML Placemarks
metro_bengaluru_bmrcl_ridership_csv,Bengaluru,BMRCL,OpenCity,bmrcl_station_ridership.csv,CSV,data/raw/metro/bengaluru/bmrcl_station_ridership.csv,2069,91,2,"code, name",2024,False,False,code,0.0,0.0,Seems to be just station codes
metro_chennai_cmrl_ridership_csv,Chennai,CMRL,OpenCity,cmrl_metro_ridership_2023_26.csv,CSV,data/raw/metro/chennai/cmrl_metro_ridership_2023_26.csv,3045,39,8,"Month, Closed Loop (Ridership), Closed Loop %, QR Tickets (Ridership), QR %, NCMC (Ridership), NCMC %, Total Passenger Flow",2023-2026,False,False,Month,0.0,0.0,Monthly ridership totals
