station_id,station_name,longitude,latitude,source,source_file,source_url
MUM_RAIL_STN_001,Churchgate,72.8271919878514,18.9352961818815,BMC via OpenCity.in,mumbai_suburban_stations.kml,https://data.opencity.in/dataset/mumbai-suburban-network-2025
MUM_RAIL_STN_002,Marine Lines,72.8238144822946,18.9457881977143,BMC via OpenCity.in,mumbai_suburban_stations.kml,https://data.opencity.in/dataset/mumbai-suburban-network-2025
MUM_RAIL_STN_003,Charni Road,72.8185706836947,18.9517165867492,BMC via OpenCity.in,mumbai_suburban_stations.kml,https://data.opencity.in/dataset/mumbai-suburban-network-2025
MUM_RAIL_STN_004,Grant Road,72.8161783832855,18.9637045605152,BMC via OpenCity.in,mumbai_suburban_stations.kml,https://data.opencity.in/dataset/mumbai-suburban-network-2025
MUM_RAIL_STN_005,Mumbai Central,72.8187988036057,18.9698932713685,BMC via OpenCity.in,mumbai_suburban_stations.kml,https://data.opencity.in/dataset/mumbai-suburban-network-2025
MUM_RAIL_STN_006,Mahalaxmi,72.8241537111258,18.9822737979282,BMC via OpenCity.in,mumbai_suburban_stations.kml,https://data.opencity.in/dataset/mumbai-suburban-network-2025
MUM_RAIL_STN_007,Lower Parel,72.830172471783,18.9953187079519,BMC via OpenCity.in,mumbai_suburban_stations.kml,https://data.opencity.in/dataset/mumbai-suburban-network-2025
MUM_RAIL_STN_008,Prabhadevi,72.8361132046624,19.0075631386431,BMC via OpenCity.in,mumbai_suburban_stations.kml,https://data.opencity.in/dataset/mumbai-suburban-network-2025
MUM_RAIL_STN_009,Dadar,72.8431374888969,19.0195608762157,BMC via OpenCity.in,mumbai_suburban_stations.kml,https://data.opencity.in/dataset/mumbai-suburban-network-2025
MUM_RAIL_STN_010,Matunga Road,72.8469289503764,19.028368597856,BMC via OpenCity.in,mumbai_suburban_stations.kml,https://data.opencity.in/dataset/mumbai-suburban-network-2025
MUM_RAIL_STN_011,Mahim Junction,72.8469183881933,19.040716517382,BMC via OpenCity.in,mumbai_suburban_stations.kml,https://data.opencity.in/dataset/mumbai-suburban-network-2025
MUM_RAIL_STN_012,Bandra,72.8403282370921,19.0555892333471,BMC via OpenCity.in,mumbai_suburban_stations.kml,https://data.opencity.in/dataset/mumbai-suburban-network-2025
MUM_RAIL_STN_013,Khar Road,72.8401277252267,19.0698951076843,BMC via OpenCity.in,mumbai_suburban_stations.kml,https://data.opencity.in/dataset/mumbai-suburban-network-2025
MUM_RAIL_STN_014,Santacruz,72.8417807673674,19.0825985273727,BMC via OpenCity.in,mumbai_suburban_stations.kml,https://data.opencity.in/dataset/mumbai-suburban-network-2025
MUM_RAIL_STN_015,Vile Parle,72.8439996742096,19.0997393565481,BMC via OpenCity.in,mumbai_suburban_stations.kml,https://data.opencity.in/dataset/mumbai-suburban-network-2025
MUM_RAIL_STN_016,Andheri,72.8465039707666,19.1171747947178,BMC via OpenCity.in,mumbai_suburban_stations.kml,https://data.opencity.in/dataset/mumbai-suburban-network-2025
MUM_RAIL_STN_017,Jogeshwari,72.8489736708461,19.1365326519053,BMC via OpenCity.in,mumbai_suburban_stations.kml,https://data.opencity.in/dataset/mumbai-suburban-network-2025
MUM_RAIL_STN_018,Goregaon,72.8496282479856,19.1648702815213,BMC via OpenCity.in,mumbai_suburban_stations.kml,https://data.opencity.in/dataset/mumbai-suburban-network-2025
MUM_RAIL_STN_019,Malad,72.8489362808279,19.1868335617006,BMC via OpenCity.in,mumbai_suburban_stations.kml,https://data.opencity.in/dataset/mumbai-suburban-network-2025
MUM_RAIL_STN_020,Kandivali,72.8520512299794,19.2045320761638,BMC via OpenCity.in,mumbai_suburban_stations.kml,https://data.opencity.in/dataset/mumbai-suburban-network-2025
MUM_RAIL_STN_021,Borivali,72.8566489030573,19.2290634217488,BMC via OpenCity.in,mumbai_suburban_stations.kml,https://data.opencity.in/dataset/mumbai-suburban-network-2025
MUM_RAIL_STN_022,Dahisar,72.8592814710169,19.2500070403722,BMC via OpenCity.in,mumbai_suburban_stations.kml,https://data.opencity.in/dataset/mumbai-suburban-network-2025
MUM_RAIL_STN_023,CSMT,72.8357059779256,18.9402720285738,BMC via OpenCity.in,mumbai_suburban_stations.kml,https://data.opencity.in/dataset/mumbai-suburban-network-2025
MUM_RAIL_STN_024,Masjid Bunder,72.8381997658401,18.9520915390942,BMC via OpenCity.in,mumbai_suburban_stations.kml,https://data.opencity.in/dataset/mumbai-suburban-network-2025
MUM_RAIL_STN_025,Sandhurst Road,72.8395788297954,18.9608785429075,BMC via OpenCity.in,mumbai_suburban_stations.kml,https://data.opencity.in/dataset/mumbai-suburban-network-2025
MUM_RAIL_STN_026,Byculla,72.8327690068053,18.976692518895,BMC via OpenCity.in,mumbai_suburban_stations.kml,https://data.opencity.in/dataset/mumbai-suburban-network-2025
MUM_RAIL_STN_027,Chinchpokali,72.8329013428044,18.9870469487976,BMC via OpenCity.in,mumbai_suburban_stations.kml,https://data.opencity.in/dataset/mumbai-suburban-network-2025
MUM_RAIL_STN_028,Currey Road,72.8329987665172,18.994110482723,BMC via OpenCity.in,mumbai_suburban_stations.kml,https://data.opencity.in/dataset/mumbai-suburban-network-2025
MUM_RAIL_STN_029,Parel,72.8376259004038,19.0092440178425,BMC via OpenCity.in,mumbai_suburban_stations.kml,https://data.opencity.in/dataset/mumbai-suburban-network-2025
MUM_RAIL_STN_030,Dadar,72.843633420996,19.0181435365389,BMC via OpenCity.in,mumbai_suburban_stations.kml,https://data.opencity.in/dataset/mumbai-suburban-network-2025
MUM_RAIL_STN_031,Matunga,72.8502084014804,19.0274961050905,BMC via OpenCity.in,mumbai_suburban_stations.kml,https://data.opencity.in/dataset/mumbai-suburban-network-2025
MUM_RAIL_STN_032,Sion,72.8640037012676,19.0477097291027,BMC via OpenCity.in,mumbai_suburban_stations.kml,https://data.opencity.in/dataset/mumbai-suburban-network-2025
MUM_RAIL_STN_033,Kurla,72.8793543303778,19.0654774786936,BMC via OpenCity.in,mumbai_suburban_stations.kml,https://data.opencity.in/dataset/mumbai-suburban-network-2025
MUM_RAIL_STN_034,Vidyavihar,72.8975799791421,19.0796208736982,BMC via OpenCity.in,mumbai_suburban_stations.kml,https://data.opencity.in/dataset/mumbai-suburban-network-2025
MUM_RAIL_STN_035,Ghatkopar,72.9084657878744,19.0859890642817,BMC via OpenCity.in,mumbai_suburban_stations.kml,https://data.opencity.in/dataset/mumbai-suburban-network-2025
MUM_RAIL_STN_036,Vikhroli,72.9281450869539,19.1119177689733,BMC via OpenCity.in,mumbai_suburban_stations.kml,https://data.opencity.in/dataset/mumbai-suburban-network-2025
MUM_RAIL_STN_037,Kanjur Marg,72.9281511337221,19.128166320162,BMC via OpenCity.in,mumbai_suburban_stations.kml,https://data.opencity.in/dataset/mumbai-suburban-network-2025
MUM_RAIL_STN_038,Bhandup,72.9376513107349,19.1424351550521,BMC via OpenCity.in,mumbai_suburban_stations.kml,https://data.opencity.in/dataset/mumbai-suburban-network-2025
MUM_RAIL_STN_039,Nahur,72.946766137471,19.1546251377825,BMC via OpenCity.in,mumbai_suburban_stations.kml,https://data.opencity.in/dataset/mumbai-suburban-network-2025
MUM_RAIL_STN_040,Mulund,72.9565534048963,19.1718662666882,BMC via OpenCity.in,mumbai_suburban_stations.kml,https://data.opencity.in/dataset/mumbai-suburban-network-2025
MUM_RAIL_STN_041,Dockyard Road,72.8443114850277,18.9665629111886,BMC via OpenCity.in,mumbai_suburban_stations.kml,https://data.opencity.in/dataset/mumbai-suburban-network-2025
MUM_RAIL_STN_042,Ray Road,72.8442481797541,18.9773683482474,BMC via OpenCity.in,mumbai_suburban_stations.kml,https://data.opencity.in/dataset/mumbai-suburban-network-2025
MUM_RAIL_STN_043,Cotton Green,72.8432893293482,18.9864939574943,BMC via OpenCity.in,mumbai_suburban_stations.kml,https://data.opencity.in/dataset/mumbai-suburban-network-2025
MUM_RAIL_STN_044,Sewri,72.854579130035,18.9989313752645,BMC via OpenCity.in,mumbai_suburban_stations.kml,https://data.opencity.in/dataset/mumbai-suburban-network-2025
MUM_RAIL_STN_045,Wadala Road,72.8589424803244,19.016006309249,BMC via OpenCity.in,mumbai_suburban_stations.kml,https://data.opencity.in/dataset/mumbai-suburban-network-2025
MUM_RAIL_STN_046,Guru Tej Bahadur Nagar,72.8643611543405,19.0380290585816,BMC via OpenCity.in,mumbai_suburban_stations.kml,https://data.opencity.in/dataset/mumbai-suburban-network-2025
MUM_RAIL_STN_047,Chunna Bhatti,72.8689456446498,19.0517072445659,BMC via OpenCity.in,mumbai_suburban_stations.kml,https://data.opencity.in/dataset/mumbai-suburban-network-2025
MUM_RAIL_STN_048,Tilak Nagar,72.8899762020043,19.0657803013233,BMC via OpenCity.in,mumbai_suburban_stations.kml,https://data.opencity.in/dataset/mumbai-suburban-network-2025
MUM_RAIL_STN_049,Chembur,72.9012441362589,19.0625976174705,BMC via OpenCity.in,mumbai_suburban_stations.kml,https://data.opencity.in/dataset/mumbai-suburban-network-2025
MUM_RAIL_STN_050,Govandi,72.9153943027253,19.0550932243739,BMC via OpenCity.in,mumbai_suburban_stations.kml,https://data.opencity.in/dataset/mumbai-suburban-network-2025
MUM_RAIL_STN_051,Mankhurd,72.9317241491866,19.0481650219614,BMC via OpenCity.in,mumbai_suburban_stations.kml,https://data.opencity.in/dataset/mumbai-suburban-network-2025
MUM_RAIL_STN_052,Kings Circle,72.8571690397359,19.032266486955,BMC via OpenCity.in,mumbai_suburban_stations.kml,https://data.opencity.in/dataset/mumbai-suburban-network-2025
MUM_RAIL_STN_053,Mira Road,72.8560972045312,19.2797406943242,BMC via OpenCity.in,mumbai_suburban_stations.kml,https://data.opencity.in/dataset/mumbai-suburban-network-2025
MUM_RAIL_STN_054,Bhayandar,72.8525704477226,19.3114392227109,BMC via OpenCity.in,mumbai_suburban_stations.kml,https://data.opencity.in/dataset/mumbai-suburban-network-2025
MUM_RAIL_STN_055,Naigaon,72.8462832948645,19.3513074099099,BMC via OpenCity.in,mumbai_suburban_stations.kml,https://data.opencity.in/dataset/mumbai-suburban-network-2025
MUM_RAIL_STN_056,Vasai Road,72.8321461041926,19.3823802721053,BMC via OpenCity.in,mumbai_suburban_stations.kml,https://data.opencity.in/dataset/mumbai-suburban-network-2025
MUM_RAIL_STN_057,Nallasopara,72.8189145644195,19.4176755166077,BMC via OpenCity.in,mumbai_suburban_stations.kml,https://data.opencity.in/dataset/mumbai-suburban-network-2025
MUM_RAIL_STN_058,Virar,72.8119284863236,19.4549995182516,BMC via OpenCity.in,mumbai_suburban_stations.kml,https://data.opencity.in/dataset/mumbai-suburban-network-2025
MUM_RAIL_STN_059,Vashi,72.9988965632495,19.0631172207064,BMC via OpenCity.in,mumbai_suburban_stations.kml,https://data.opencity.in/dataset/mumbai-suburban-network-2025
MUM_RAIL_STN_060,Sanpada,73.0093493142319,19.0661147788721,BMC via OpenCity.in,mumbai_suburban_stations.kml,https://data.opencity.in/dataset/mumbai-suburban-network-2025
MUM_RAIL_STN_061,Juinagar,73.0183903439259,19.0556163409323,BMC via OpenCity.in,mumbai_suburban_stations.kml,https://data.opencity.in/dataset/mumbai-suburban-network-2025
MUM_RAIL_STN_062,Nerul,73.0182107815982,19.0334707818177,BMC via OpenCity.in,mumbai_suburban_stations.kml,https://data.opencity.in/dataset/mumbai-suburban-network-2025
MUM_RAIL_STN_063,Seawoods,73.0191424206458,19.0219438755159,BMC via OpenCity.in,mumbai_suburban_stations.kml,https://data.opencity.in/dataset/mumbai-suburban-network-2025
MUM_RAIL_STN_064,CBD Belapur,73.0390873339028,19.0190456436135,BMC via OpenCity.in,mumbai_suburban_stations.kml,https://data.opencity.in/dataset/mumbai-suburban-network-2025
MUM_RAIL_STN_065,Kharghar,73.0593969394587,19.0261194215454,BMC via OpenCity.in,mumbai_suburban_stations.kml,https://data.opencity.in/dataset/mumbai-suburban-network-2025
MUM_RAIL_STN_066,Mansarovar,73.0804701854415,19.0166539817185,BMC via OpenCity.in,mumbai_suburban_stations.kml,https://data.opencity.in/dataset/mumbai-suburban-network-2025
MUM_RAIL_STN_067,Khandeshwar,73.0947598188553,19.0074679867507,BMC via OpenCity.in,mumbai_suburban_stations.kml,https://data.opencity.in/dataset/mumbai-suburban-network-2025
MUM_RAIL_STN_068,Panvel,73.1213414488358,18.9905700254378,BMC via OpenCity.in,mumbai_suburban_stations.kml,https://data.opencity.in/dataset/mumbai-suburban-network-2025
MUM_RAIL_STN_069,Turbhe,73.0177166307423,19.0760002886039,BMC via OpenCity.in,mumbai_suburban_stations.kml,https://data.opencity.in/dataset/mumbai-suburban-network-2025
MUM_RAIL_STN_070,Kopar Kharine,73.011342315056,19.1032160096145,BMC via OpenCity.in,mumbai_suburban_stations.kml,https://data.opencity.in/dataset/mumbai-suburban-network-2025
MUM_RAIL_STN_071,Ghansoli,73.0068894698697,19.1164805906164,BMC via OpenCity.in,mumbai_suburban_stations.kml,https://data.opencity.in/dataset/mumbai-suburban-network-2025
MUM_RAIL_STN_072,Rabale,73.0027166938337,19.1370192081831,BMC via OpenCity.in,mumbai_suburban_stations.kml,https://data.opencity.in/dataset/mumbai-suburban-network-2025
MUM_RAIL_STN_073,Airoli,72.9993795687864,19.1585309448508,BMC via OpenCity.in,mumbai_suburban_stations.kml,https://data.opencity.in/dataset/mumbai-suburban-network-2025
MUM_RAIL_STN_074,Thane,72.9759337290526,19.1861152574207,BMC via OpenCity.in,mumbai_suburban_stations.kml,https://data.opencity.in/dataset/mumbai-suburban-network-2025
MUM_RAIL_STN_075,Kalwa,72.9986747366214,19.1969032812792,BMC via OpenCity.in,mumbai_suburban_stations.kml,https://data.opencity.in/dataset/mumbai-suburban-network-2025
MUM_RAIL_STN_076,Mumbra,73.0231397296511,19.1902742542868,BMC via OpenCity.in,mumbai_suburban_stations.kml,https://data.opencity.in/dataset/mumbai-suburban-network-2025
MUM_RAIL_STN_077,Diva,73.0429514521207,19.1889502669907,BMC via OpenCity.in,mumbai_suburban_stations.kml,https://data.opencity.in/dataset/mumbai-suburban-network-2025
MUM_RAIL_STN_078,Lower Kopar,73.0769788440469,19.2106220863616,BMC via OpenCity.in,mumbai_suburban_stations.kml,https://data.opencity.in/dataset/mumbai-suburban-network-2025
MUM_RAIL_STN_079,Dombivili,73.0868430181902,19.218286062568,BMC via OpenCity.in,mumbai_suburban_stations.kml,https://data.opencity.in/dataset/mumbai-suburban-network-2025
MUM_RAIL_STN_080,Thakurli,73.0979322946715,19.2260018478666,BMC via OpenCity.in,mumbai_suburban_stations.kml,https://data.opencity.in/dataset/mumbai-suburban-network-2025
MUM_RAIL_STN_081,Kalyan,73.1299711282289,19.2351909402425,BMC via OpenCity.in,mumbai_suburban_stations.kml,https://data.opencity.in/dataset/mumbai-suburban-network-2025
MUM_RAIL_STN_082,Vithalwadi,73.1492569841108,19.2282722390585,BMC via OpenCity.in,mumbai_suburban_stations.kml,https://data.opencity.in/dataset/mumbai-suburban-network-2025
MUM_RAIL_STN_083,Ulhas Nagar,73.1631032188065,19.21808971954,BMC via OpenCity.in,mumbai_suburban_stations.kml,https://data.opencity.in/dataset/mumbai-suburban-network-2025
MUM_RAIL_STN_084,Ambernath,73.1844317400222,19.2101305480555,BMC via OpenCity.in,mumbai_suburban_stations.kml,https://data.opencity.in/dataset/mumbai-suburban-network-2025
MUM_RAIL_STN_085,Badlapur,73.2388025511903,19.1668331363957,BMC via OpenCity.in,mumbai_suburban_stations.kml,https://data.opencity.in/dataset/mumbai-suburban-network-2025
MUM_RAIL_STN_086,Vangani,73.3007405284918,19.094393395304,BMC via OpenCity.in,mumbai_suburban_stations.kml,https://data.opencity.in/dataset/mumbai-suburban-network-2025
MUM_RAIL_STN_087,Shelu,73.3178011533358,19.0634147978046,BMC via OpenCity.in,mumbai_suburban_stations.kml,https://data.opencity.in/dataset/mumbai-suburban-network-2025
MUM_RAIL_STN_088,Neral,73.3185595294996,19.0268065536976,BMC via OpenCity.in,mumbai_suburban_stations.kml,https://data.opencity.in/dataset/mumbai-suburban-network-2025
MUM_RAIL_STN_089,Bhivpuri Road,73.3314774682455,18.9700072031662,BMC via OpenCity.in,mumbai_suburban_stations.kml,https://data.opencity.in/dataset/mumbai-suburban-network-2025
MUM_RAIL_STN_090,Karjat,73.3206443228044,18.9088351428397,BMC via OpenCity.in,mumbai_suburban_stations.kml,https://data.opencity.in/dataset/mumbai-suburban-network-2025
MUM_RAIL_STN_091,Palasdhari,73.3208308318587,18.8842927108596,BMC via OpenCity.in,mumbai_suburban_stations.kml,https://data.opencity.in/dataset/mumbai-suburban-network-2025
MUM_RAIL_STN_092,Kelavali,73.3187810452539,18.8456945832501,BMC via OpenCity.in,mumbai_suburban_stations.kml,https://data.opencity.in/dataset/mumbai-suburban-network-2025
MUM_RAIL_STN_093,Dolavali,73.3200621813635,18.8342636565215,BMC via OpenCity.in,mumbai_suburban_stations.kml,https://data.opencity.in/dataset/mumbai-suburban-network-2025
MUM_RAIL_STN_094,Lowjee,73.3354354701634,18.8086214214537,BMC via OpenCity.in,mumbai_suburban_stations.kml,https://data.opencity.in/dataset/mumbai-suburban-network-2025
MUM_RAIL_STN_095,Khopoli,73.3448726092399,18.7896170591886,BMC via OpenCity.in,mumbai_suburban_stations.kml,https://data.opencity.in/dataset/mumbai-suburban-network-2025
MUM_RAIL_STN_096,Shahad,73.1583231567416,19.2443452121886,BMC via OpenCity.in,mumbai_suburban_stations.kml,https://data.opencity.in/dataset/mumbai-suburban-network-2025
MUM_RAIL_STN_097,Ambivili,73.1717128739798,19.267809303216,BMC via OpenCity.in,mumbai_suburban_stations.kml,https://data.opencity.in/dataset/mumbai-suburban-network-2025
MUM_RAIL_STN_098,Titwala,73.203247161913,19.296877134864,BMC via OpenCity.in,mumbai_suburban_stations.kml,https://data.opencity.in/dataset/mumbai-suburban-network-2025
MUM_RAIL_STN_099,Khadawali,73.2189216499799,19.3568495922065,BMC via OpenCity.in,mumbai_suburban_stations.kml,https://data.opencity.in/dataset/mumbai-suburban-network-2025
MUM_RAIL_STN_100,Vasind,73.2676652674631,19.4068464515156,BMC via OpenCity.in,mumbai_suburban_stations.kml,https://data.opencity.in/dataset/mumbai-suburban-network-2025
MUM_RAIL_STN_101,Ram Mandir,72.8501779534613,19.1516968179908,BMC via OpenCity.in,mumbai_suburban_stations.kml,https://data.opencity.in/dataset/mumbai-suburban-network-2025
MUM_RAIL_STN_102,Vaitarna,72.8502717197307,19.5194475908323,BMC via OpenCity.in,mumbai_suburban_stations.kml,https://data.opencity.in/dataset/mumbai-suburban-network-2025
MUM_RAIL_STN_103,Sagar Sangam,73.0247906779553,19.0102840709078,BMC via OpenCity.in,mumbai_suburban_stations.kml,https://data.opencity.in/dataset/mumbai-suburban-network-2025
MUM_RAIL_STN_104,Targhar,73.0347210107422,18.9904507628536,BMC via OpenCity.in,mumbai_suburban_stations.kml,https://data.opencity.in/dataset/mumbai-suburban-network-2025
MUM_RAIL_STN_105,Bamandongri,73.0240407796519,18.974619535869,BMC via OpenCity.in,mumbai_suburban_stations.kml,https://data.opencity.in/dataset/mumbai-suburban-network-2025
MUM_RAIL_STN_106,Kharkopar,73.0140802808399,18.9596615707448,BMC via OpenCity.in,mumbai_suburban_stations.kml,https://data.opencity.in/dataset/mumbai-suburban-network-2025
