line_id,line_name,geometry_wkt,source,source_file,source_url
MUM_RAIL_LINE_001,WESTERN RAILWAY,,BMC via OpenCity.in,mumbai_suburban_lines.kml,https://data.opencity.in/dataset/mumbai-suburban-network-2025
MUM_RAIL_LINE_002,CENTRAL RAILWAY,,BMC via OpenCity.in,mumbai_suburban_lines.kml,https://data.opencity.in/dataset/mumbai-suburban-network-2025
MUM_RAIL_LINE_003,HARBOUR RAILWAY,,BMC via OpenCity.in,mumbai_suburban_lines.kml,https://data.opencity.in/dataset/mumbai-suburban-network-2025
MUM_RAIL_LINE_004,WESTERN RAILWAY,,BMC via OpenCity.in,mumbai_suburban_lines.kml,https://data.opencity.in/dataset/mumbai-suburban-network-2025
MUM_RAIL_LINE_005,CENTRAL RAILWAY,,BMC via OpenCity.in,mumbai_suburban_lines.kml,https://data.opencity.in/dataset/mumbai-suburban-network-2025
MUM_RAIL_LINE_006,HARBOUR RAILWAY,,BMC via OpenCity.in,mumbai_suburban_lines.kml,https://data.opencity.in/dataset/mumbai-suburban-network-2025
MUM_RAIL_LINE_007,WESTERN RAILWAY,,BMC via OpenCity.in,mumbai_suburban_lines.kml,https://data.opencity.in/dataset/mumbai-suburban-network-2025
MUM_RAIL_LINE_008,HARBOUR RAILWAY,,BMC via OpenCity.in,mumbai_suburban_lines.kml,https://data.opencity.in/dataset/mumbai-suburban-network-2025
MUM_RAIL_LINE_009,CENTRAL RAILWAY,,BMC via OpenCity.in,mumbai_suburban_lines.kml,https://data.opencity.in/dataset/mumbai-suburban-network-2025
MUM_RAIL_LINE_010,CENTRAL RAILWAY,,BMC via OpenCity.in,mumbai_suburban_lines.kml,https://data.opencity.in/dataset/mumbai-suburban-network-2025
MUM_RAIL_LINE_011,HARBOUR RAILWAY,,BMC via OpenCity.in,mumbai_suburban_lines.kml,https://data.opencity.in/dataset/mumbai-suburban-network-2025
MUM_RAIL_LINE_012,WESTERN RAILWAY,,BMC via OpenCity.in,mumbai_suburban_lines.kml,https://data.opencity.in/dataset/mumbai-suburban-network-2025
MUM_RAIL_LINE_013,CENTRAL RAILWAY,,BMC via OpenCity.in,mumbai_suburban_lines.kml,https://data.opencity.in/dataset/mumbai-suburban-network-2025
MUM_RAIL_LINE_014,CENTRAL RAILWAY,,BMC via OpenCity.in,mumbai_suburban_lines.kml,https://data.opencity.in/dataset/mumbai-suburban-network-2025
MUM_RAIL_LINE_015,CENTRAL RAILWAY,,BMC via OpenCity.in,mumbai_suburban_lines.kml,https://data.opencity.in/dataset/mumbai-suburban-network-2025
MUM_RAIL_LINE_016,CENTRAL RAILWAY,,BMC via OpenCity.in,mumbai_suburban_lines.kml,https://data.opencity.in/dataset/mumbai-suburban-network-2025
MUM_RAIL_LINE_017,WESTERN RAILWAY,,BMC via OpenCity.in,mumbai_suburban_lines.kml,https://data.opencity.in/dataset/mumbai-suburban-network-2025
MUM_RAIL_LINE_018,TRANS-HARBOUR RAILWAY,,BMC via OpenCity.in,mumbai_suburban_lines.kml,https://data.opencity.in/dataset/mumbai-suburban-network-2025
MUM_RAIL_LINE_019,WESTERN RAILWAY,,BMC via OpenCity.in,mumbai_suburban_lines.kml,https://data.opencity.in/dataset/mumbai-suburban-network-2025
MUM_RAIL_LINE_020,CENTRAL RAILWAY,,BMC via OpenCity.in,mumbai_suburban_lines.kml,https://data.opencity.in/dataset/mumbai-suburban-network-2025
MUM_RAIL_LINE_021,CENTRAL RAILWAY,,BMC via OpenCity.in,mumbai_suburban_lines.kml,https://data.opencity.in/dataset/mumbai-suburban-network-2025
MUM_RAIL_LINE_022,WESTERN RAILWAY,,BMC via OpenCity.in,mumbai_suburban_lines.kml,https://data.opencity.in/dataset/mumbai-suburban-network-2025
MUM_RAIL_LINE_023,WESTERN RAILWAY,,BMC via OpenCity.in,mumbai_suburban_lines.kml,https://data.opencity.in/dataset/mumbai-suburban-network-2025
MUM_RAIL_LINE_024,HARBOUR RAILWAY,,BMC via OpenCity.in,mumbai_suburban_lines.kml,https://data.opencity.in/dataset/mumbai-suburban-network-2025
MUM_RAIL_LINE_025,WESTERN RAILWAY,,BMC via OpenCity.in,mumbai_suburban_lines.kml,https://data.opencity.in/dataset/mumbai-suburban-network-2025
MUM_RAIL_LINE_026,WESTERN RAILWAY,,BMC via OpenCity.in,mumbai_suburban_lines.kml,https://data.opencity.in/dataset/mumbai-suburban-network-2025
MUM_RAIL_LINE_027,WESTERN RAILWAY,,BMC via OpenCity.in,mumbai_suburban_lines.kml,https://data.opencity.in/dataset/mumbai-suburban-network-2025
MUM_RAIL_LINE_028,TRANS-HARBOUR RAILWAY,,BMC via OpenCity.in,mumbai_suburban_lines.kml,https://data.opencity.in/dataset/mumbai-suburban-network-2025
MUM_RAIL_LINE_029,WESTERN RAILWAY,,BMC via OpenCity.in,mumbai_suburban_lines.kml,https://data.opencity.in/dataset/mumbai-suburban-network-2025
MUM_RAIL_LINE_030,WESTERN RAILWAY,,BMC via OpenCity.in,mumbai_suburban_lines.kml,https://data.opencity.in/dataset/mumbai-suburban-network-2025
MUM_RAIL_LINE_031,CENTRAL RAILWAY,,BMC via OpenCity.in,mumbai_suburban_lines.kml,https://data.opencity.in/dataset/mumbai-suburban-network-2025
MUM_RAIL_LINE_032,HARBOUR RAILWAY,,BMC via OpenCity.in,mumbai_suburban_lines.kml,https://data.opencity.in/dataset/mumbai-suburban-network-2025
MUM_RAIL_LINE_033,WESTERN RAILWAY,,BMC via OpenCity.in,mumbai_suburban_lines.kml,https://data.opencity.in/dataset/mumbai-suburban-network-2025
MUM_RAIL_LINE_034,HARBOUR RAILWAY,,BMC via OpenCity.in,mumbai_suburban_lines.kml,https://data.opencity.in/dataset/mumbai-suburban-network-2025
MUM_RAIL_LINE_035,CENTRAL RAILWAY,,BMC via OpenCity.in,mumbai_suburban_lines.kml,https://data.opencity.in/dataset/mumbai-suburban-network-2025
MUM_RAIL_LINE_036,WESTERN RAILWAY,,BMC via OpenCity.in,mumbai_suburban_lines.kml,https://data.opencity.in/dataset/mumbai-suburban-network-2025
MUM_RAIL_LINE_037,CENTRAL RAILWAY,,BMC via OpenCity.in,mumbai_suburban_lines.kml,https://data.opencity.in/dataset/mumbai-suburban-network-2025
MUM_RAIL_LINE_038,CENTRAL RAILWAY,,BMC via OpenCity.in,mumbai_suburban_lines.kml,https://data.opencity.in/dataset/mumbai-suburban-network-2025
MUM_RAIL_LINE_039,HARBOUR RAILWAY,,BMC via OpenCity.in,mumbai_suburban_lines.kml,https://data.opencity.in/dataset/mumbai-suburban-network-2025
MUM_RAIL_LINE_040,TRANS-HARBOUR RAILWAY,,BMC via OpenCity.in,mumbai_suburban_lines.kml,https://data.opencity.in/dataset/mumbai-suburban-network-2025
MUM_RAIL_LINE_041,CENTRAL RAILWAY,,BMC via OpenCity.in,mumbai_suburban_lines.kml,https://data.opencity.in/dataset/mumbai-suburban-network-2025
MUM_RAIL_LINE_042,WESTERN RAILWAY,,BMC via OpenCity.in,mumbai_suburban_lines.kml,https://data.opencity.in/dataset/mumbai-suburban-network-2025
MUM_RAIL_LINE_043,HARBOUR RAILWAY,,BMC via OpenCity.in,mumbai_suburban_lines.kml,https://data.opencity.in/dataset/mumbai-suburban-network-2025
MUM_RAIL_LINE_044,HARBOUR RAILWAY,,BMC via OpenCity.in,mumbai_suburban_lines.kml,https://data.opencity.in/dataset/mumbai-suburban-network-2025
MUM_RAIL_LINE_045,HARBOUR RAILWAY,,BMC via OpenCity.in,mumbai_suburban_lines.kml,https://data.opencity.in/dataset/mumbai-suburban-network-2025
MUM_RAIL_LINE_046,WESTERN RAILWAY,,BMC via OpenCity.in,mumbai_suburban_lines.kml,https://data.opencity.in/dataset/mumbai-suburban-network-2025
MUM_RAIL_LINE_047,HARBOUR RAILWAY,,BMC via OpenCity.in,mumbai_suburban_lines.kml,https://data.opencity.in/dataset/mumbai-suburban-network-2025
MUM_RAIL_LINE_048,CENTRAL RAILWAY,,BMC via OpenCity.in,mumbai_suburban_lines.kml,https://data.opencity.in/dataset/mumbai-suburban-network-2025
MUM_RAIL_LINE_049,WESTERN RAILWAY,,BMC via OpenCity.in,mumbai_suburban_lines.kml,https://data.opencity.in/dataset/mumbai-suburban-network-2025
MUM_RAIL_LINE_050,HARBOUR RAILWAY,,BMC via OpenCity.in,mumbai_suburban_lines.kml,https://data.opencity.in/dataset/mumbai-suburban-network-2025
MUM_RAIL_LINE_051,HARBOUR RAILWAY,,BMC via OpenCity.in,mumbai_suburban_lines.kml,https://data.opencity.in/dataset/mumbai-suburban-network-2025
MUM_RAIL_LINE_052,HARBOUR RAILWAY,,BMC via OpenCity.in,mumbai_suburban_lines.kml,https://data.opencity.in/dataset/mumbai-suburban-network-2025
MUM_RAIL_LINE_053,WESTERN RAILWAY,,BMC via OpenCity.in,mumbai_suburban_lines.kml,https://data.opencity.in/dataset/mumbai-suburban-network-2025
MUM_RAIL_LINE_054,CENTRAL RAILWAY,,BMC via OpenCity.in,mumbai_suburban_lines.kml,https://data.opencity.in/dataset/mumbai-suburban-network-2025
MUM_RAIL_LINE_055,TRANS-HARBOUR RAILWAY,,BMC via OpenCity.in,mumbai_suburban_lines.kml,https://data.opencity.in/dataset/mumbai-suburban-network-2025
MUM_RAIL_LINE_056,TRANS-HARBOUR RAILWAY,,BMC via OpenCity.in,mumbai_suburban_lines.kml,https://data.opencity.in/dataset/mumbai-suburban-network-2025
MUM_RAIL_LINE_057,WESTERN RAILWAY,,BMC via OpenCity.in,mumbai_suburban_lines.kml,https://data.opencity.in/dataset/mumbai-suburban-network-2025
MUM_RAIL_LINE_058,TRANS-HARBOUR RAILWAY,,BMC via OpenCity.in,mumbai_suburban_lines.kml,https://data.opencity.in/dataset/mumbai-suburban-network-2025
MUM_RAIL_LINE_059,CENTRAL RAILWAY,,BMC via OpenCity.in,mumbai_suburban_lines.kml,https://data.opencity.in/dataset/mumbai-suburban-network-2025
MUM_RAIL_LINE_060,CENTRAL RAILWAY,,BMC via OpenCity.in,mumbai_suburban_lines.kml,https://data.opencity.in/dataset/mumbai-suburban-network-2025
MUM_RAIL_LINE_061,TRANS-HARBOUR RAILWAY,,BMC via OpenCity.in,mumbai_suburban_lines.kml,https://data.opencity.in/dataset/mumbai-suburban-network-2025
MUM_RAIL_LINE_062,HARBOUR RAILWAY,,BMC via OpenCity.in,mumbai_suburban_lines.kml,https://data.opencity.in/dataset/mumbai-suburban-network-2025
MUM_RAIL_LINE_063,TRANS-HARBOUR RAILWAY,,BMC via OpenCity.in,mumbai_suburban_lines.kml,https://data.opencity.in/dataset/mumbai-suburban-network-2025
MUM_RAIL_LINE_064,WESTERN RAILWAY,,BMC via OpenCity.in,mumbai_suburban_lines.kml,https://data.opencity.in/dataset/mumbai-suburban-network-2025
MUM_RAIL_LINE_065,TRANS-HARBOUR RAILWAY,,BMC via OpenCity.in,mumbai_suburban_lines.kml,https://data.opencity.in/dataset/mumbai-suburban-network-2025
MUM_RAIL_LINE_066,CENTRAL RAILWAY,,BMC via OpenCity.in,mumbai_suburban_lines.kml,https://data.opencity.in/dataset/mumbai-suburban-network-2025
MUM_RAIL_LINE_067,CENTRAL RAILWAY,,BMC via OpenCity.in,mumbai_suburban_lines.kml,https://data.opencity.in/dataset/mumbai-suburban-network-2025
MUM_RAIL_LINE_068,CENTRAL RAILWAY,,BMC via OpenCity.in,mumbai_suburban_lines.kml,https://data.opencity.in/dataset/mumbai-suburban-network-2025
MUM_RAIL_LINE_069,CENTRAL RAILWAY,,BMC via OpenCity.in,mumbai_suburban_lines.kml,https://data.opencity.in/dataset/mumbai-suburban-network-2025
MUM_RAIL_LINE_070,CENTRAL RAILWAY,,BMC via OpenCity.in,mumbai_suburban_lines.kml,https://data.opencity.in/dataset/mumbai-suburban-network-2025
MUM_RAIL_LINE_071,HARBOUR RAILWAY,,BMC via OpenCity.in,mumbai_suburban_lines.kml,https://data.opencity.in/dataset/mumbai-suburban-network-2025
MUM_RAIL_LINE_072,CENTRAL RAILWAY,,BMC via OpenCity.in,mumbai_suburban_lines.kml,https://data.opencity.in/dataset/mumbai-suburban-network-2025
MUM_RAIL_LINE_073,CENTRAL RAILWAY,,BMC via OpenCity.in,mumbai_suburban_lines.kml,https://data.opencity.in/dataset/mumbai-suburban-network-2025
MUM_RAIL_LINE_074,WESTERN RAILWAY,,BMC via OpenCity.in,mumbai_suburban_lines.kml,https://data.opencity.in/dataset/mumbai-suburban-network-2025
MUM_RAIL_LINE_075,CENTRAL RAILWAY,,BMC via OpenCity.in,mumbai_suburban_lines.kml,https://data.opencity.in/dataset/mumbai-suburban-network-2025
MUM_RAIL_LINE_076,TRANS-HARBOUR RAILWAY,,BMC via OpenCity.in,mumbai_suburban_lines.kml,https://data.opencity.in/dataset/mumbai-suburban-network-2025
MUM_RAIL_LINE_077,CENTRAL RAILWAY,,BMC via OpenCity.in,mumbai_suburban_lines.kml,https://data.opencity.in/dataset/mumbai-suburban-network-2025
MUM_RAIL_LINE_078,TRANS-HARBOUR RAILWAY,,BMC via OpenCity.in,mumbai_suburban_lines.kml,https://data.opencity.in/dataset/mumbai-suburban-network-2025
MUM_RAIL_LINE_079,CENTRAL RAILWAY,,BMC via OpenCity.in,mumbai_suburban_lines.kml,https://data.opencity.in/dataset/mumbai-suburban-network-2025
MUM_RAIL_LINE_080,CENTRAL RAILWAY,,BMC via OpenCity.in,mumbai_suburban_lines.kml,https://data.opencity.in/dataset/mumbai-suburban-network-2025
MUM_RAIL_LINE_081,WESTERN RAILWAY,,BMC via OpenCity.in,mumbai_suburban_lines.kml,https://data.opencity.in/dataset/mumbai-suburban-network-2025
MUM_RAIL_LINE_082,TRANS-HARBOUR RAILWAY,,BMC via OpenCity.in,mumbai_suburban_lines.kml,https://data.opencity.in/dataset/mumbai-suburban-network-2025
MUM_RAIL_LINE_083,CENTRAL RAILWAY,,BMC via OpenCity.in,mumbai_suburban_lines.kml,https://data.opencity.in/dataset/mumbai-suburban-network-2025
MUM_RAIL_LINE_084,WESTERN RAILWAY,,BMC via OpenCity.in,mumbai_suburban_lines.kml,https://data.opencity.in/dataset/mumbai-suburban-network-2025
MUM_RAIL_LINE_085,CENTRAL RAILWAY,,BMC via OpenCity.in,mumbai_suburban_lines.kml,https://data.opencity.in/dataset/mumbai-suburban-network-2025
MUM_RAIL_LINE_086,WESTERN RAILWAY,,BMC via OpenCity.in,mumbai_suburban_lines.kml,https://data.opencity.in/dataset/mumbai-suburban-network-2025
MUM_RAIL_LINE_087,CENTRAL RAILWAY,,BMC via OpenCity.in,mumbai_suburban_lines.kml,https://data.opencity.in/dataset/mumbai-suburban-network-2025
MUM_RAIL_LINE_088,Targhar Kharkopar,,BMC via OpenCity.in,mumbai_suburban_lines.kml,https://data.opencity.in/dataset/mumbai-suburban-network-2025
MUM_RAIL_LINE_089,CENTRAL RAILWAY,,BMC via OpenCity.in,mumbai_suburban_lines.kml,https://data.opencity.in/dataset/mumbai-suburban-network-2025
MUM_RAIL_LINE_090,WESTERN RAILWAY,,BMC via OpenCity.in,mumbai_suburban_lines.kml,https://data.opencity.in/dataset/mumbai-suburban-network-2025
MUM_RAIL_LINE_091,Seawoods Targhar,,BMC via OpenCity.in,mumbai_suburban_lines.kml,https://data.opencity.in/dataset/mumbai-suburban-network-2025
MUM_RAIL_LINE_092,WESTERN RAILWAY,,BMC via OpenCity.in,mumbai_suburban_lines.kml,https://data.opencity.in/dataset/mumbai-suburban-network-2025
MUM_RAIL_LINE_093,CENTRAL RAILWAY,,BMC via OpenCity.in,mumbai_suburban_lines.kml,https://data.opencity.in/dataset/mumbai-suburban-network-2025
MUM_RAIL_LINE_094,CENTRAL RAILWAY,,BMC via OpenCity.in,mumbai_suburban_lines.kml,https://data.opencity.in/dataset/mumbai-suburban-network-2025
MUM_RAIL_LINE_095,CENTRAL RAILWAY,,BMC via OpenCity.in,mumbai_suburban_lines.kml,https://data.opencity.in/dataset/mumbai-suburban-network-2025
MUM_RAIL_LINE_096,WESTERN RAILWAY,,BMC via OpenCity.in,mumbai_suburban_lines.kml,https://data.opencity.in/dataset/mumbai-suburban-network-2025
MUM_RAIL_LINE_097,CENTRAL RAILWAY,,BMC via OpenCity.in,mumbai_suburban_lines.kml,https://data.opencity.in/dataset/mumbai-suburban-network-2025
MUM_RAIL_LINE_098,TRANS-HARBOUR RAILWAY,,BMC via OpenCity.in,mumbai_suburban_lines.kml,https://data.opencity.in/dataset/mumbai-suburban-network-2025
MUM_RAIL_LINE_099,CENTRAL RAILWAY,,BMC via OpenCity.in,mumbai_suburban_lines.kml,https://data.opencity.in/dataset/mumbai-suburban-network-2025
MUM_RAIL_LINE_100,CENTRAL RAILWAY,,BMC via OpenCity.in,mumbai_suburban_lines.kml,https://data.opencity.in/dataset/mumbai-suburban-network-2025
MUM_RAIL_LINE_101,HARBOUR RAILWAY,,BMC via OpenCity.in,mumbai_suburban_lines.kml,https://data.opencity.in/dataset/mumbai-suburban-network-2025
MUM_RAIL_LINE_102,CENTRAL RAILWAY,,BMC via OpenCity.in,mumbai_suburban_lines.kml,https://data.opencity.in/dataset/mumbai-suburban-network-2025
MUM_RAIL_LINE_103,CENTRAL RAILWAY,,BMC via OpenCity.in,mumbai_suburban_lines.kml,https://data.opencity.in/dataset/mumbai-suburban-network-2025
MUM_RAIL_LINE_104,CENTRAL RAILWAY,,BMC via OpenCity.in,mumbai_suburban_lines.kml,https://data.opencity.in/dataset/mumbai-suburban-network-2025
MUM_RAIL_LINE_105,WESTERN RAILWAY,,BMC via OpenCity.in,mumbai_suburban_lines.kml,https://data.opencity.in/dataset/mumbai-suburban-network-2025
MUM_RAIL_LINE_106,CENTRAL RAILWAY,,BMC via OpenCity.in,mumbai_suburban_lines.kml,https://data.opencity.in/dataset/mumbai-suburban-network-2025
