system,state,city,source_name,publisher,source_url,source_type,data_type,format,coverage,date_or_period,machine_readable,official,license,download_status,file_name,local_path,file_size,row_count,notes
Mumbai Suburban,Maharashtra,Mumbai,Mumbai Suburban Network 2025,BMC via OpenCity.in,https://data.opencity.in/dataset/mumbai-suburban-network-2025,Open Data Portal,Lines,KML,All suburban lines,2025,Yes,Civic Open Data,Public Domain,VERIFIED,mumbai_suburban_lines.kml,data/raw/local_rail/mumbai/mumbai_suburban_lines.kml,185829,106 placemarks,Contains suburban railway line geometry
Mumbai Suburban,Maharashtra,Mumbai,Mumbai Suburban Network 2025,BMC via OpenCity.in,https://data.opencity.in/dataset/mumbai-suburban-network-2025,Open Data Portal,Stations,KML,All suburban stations,2025,Yes,Civic Open Data,Public Domain,VERIFIED,mumbai_suburban_stations.kml,data/raw/local_rail/mumbai/mumbai_suburban_stations.kml,55061,106 placemarks,Contains suburban railway station coordinates
Chennai Suburban,Tamil Nadu,Chennai,Chennai GTFS Unified,UngalSoththu,https://github.com/ungalsoththu/ChennaiGTFS,Community Repository,Multi-modal GTFS,ZIP,MTC + CMRL + notes mention suburban exclusion,2025,Yes,Community Data (ODbL),ODbL,VERIFIED,chennai_suburban_gtfs_community.zip,data/raw/local_rail/chennai/chennai_suburban_gtfs_community.zip,9089658,N/A,COMMUNITY_SECONDARY - Contains MTC buses and CMRL metro. Suburban rail NOT included per repo notes
Chennai Suburban,Tamil Nadu,Chennai,Southern Railway Timetable,Southern Railway,https://sr.indianrailways.gov.in/,Official Railway,Timetable,PDF/HTML,Chennai suburban sections,2024-2026,Partial,Official Railway,Public Domain,MANUAL_REQUIRED,N/A,N/A,N/A,N/A,Official timetable exists but not in machine-readable GTFS format. Requires manual extraction
Kolkata Suburban,West Bengal,Kolkata,Eastern Railway Network,Eastern Railway,https://er.indianrailways.gov.in/,Official Railway,Network,N/A,Howrah/Sealdah sections,N/A,No,Official Railway,Public Domain,UNAVAILABLE,N/A,N/A,N/A,N/A,Official website exists but no machine-readable suburban station/timetable data found
Kolkata Suburban,West Bengal,Kolkata,South Eastern Railway Network,South Eastern Railway,https://ser.indianrailways.gov.in/,Official Railway,Network,N/A,South Eastern suburban,N/A,No,Official Railway,Public Domain,UNAVAILABLE,N/A,N/A,N/A,N/A,Official website exists but no machine-readable suburban station/timetable data found
Hyderabad MMTS,Telangana,Hyderabad,South Central Railway MMTS,South Central Railway,https://scr.indianrailways.gov.in/,Official Railway,Network,N/A,MMTS Phase I & II,N/A,No,Official Railway,Public Domain,UNAVAILABLE,N/A,N/A,N/A,N/A,Official website exists but no machine-readable MMTS data found
Hyderabad MMTS,Telangana,Hyderabad,MMTS Timetable Website,mmtstrains.in,http://www.mmtstrains.in/,Third-party website,Timetable,HTML,MMTS routes and timings,N/A,Partial,Community/Third-party,Unknown,DEFERRED,N/A,N/A,N/A,N/A,Third-party timetable aggregator. Not official Indian Railways source. Requires verification
Pune Suburban,Maharashtra,Pune,Central Railway EMU Service,Central Railway,https://cr.indianrailways.gov.in/,Official Railway,Network,N/A,Pune-Lonavala EMU,N/A,No,Official Railway,Public Domain,UNAVAILABLE,N/A,N/A,N/A,N/A,Official website exists but no machine-readable timetable/station data for Pune suburban found
Pune Suburban,Maharashtra,Pune,Third-party Train Aggregators,ixigo.com / indianrailways.info,https://www.ixigo.com/,Third-party aggregator,Timetable,HTML/API,Pune-Lonavala local trains,2025-2026,Partial,Community/Third-party,Proprietary,DEFERRED,N/A,N/A,N/A,N/A,Third-party train timetable aggregators. Not authoritative source
