station_id,station_name,nearest_station_id,nearest_station_name,nearest_distance_m
MUM_RAIL_STN_001,Churchgate,MUM_RAIL_STN_023,CSMT,1114.1
MUM_RAIL_STN_002,Marine Lines,MUM_RAIL_STN_003,Charni Road,909.73
MUM_RAIL_STN_003,Charni Road,MUM_RAIL_STN_002,Marine Lines,909.73
MUM_RAIL_STN_004,Grant Road,MUM_RAIL_STN_005,Mumbai Central,784.71
MUM_RAIL_STN_005,Mumbai Central,MUM_RAIL_STN_004,Grant Road,784.71
MUM_RAIL_STN_006,Mahalaxmi,MUM_RAIL_STN_027,Chinchpokali,1124.27
MUM_RAIL_STN_007,Lower Parel,MUM_RAIL_STN_028,Currey Road,345.28
MUM_RAIL_STN_008,Prabhadevi,MUM_RAIL_STN_029,Parel,259.85
MUM_RAIL_STN_009,Dadar,MUM_RAIL_STN_030,Dadar,175.78
MUM_RAIL_STN_010,Matunga Road,MUM_RAIL_STN_031,Matunga,379.25
MUM_RAIL_STN_011,Mahim Junction,MUM_RAIL_STN_010,Matunga Road,1454.07
MUM_RAIL_STN_012,Bandra,MUM_RAIL_STN_013,Khar Road,1685.07
MUM_RAIL_STN_013,Khar Road,MUM_RAIL_STN_014,Santacruz,1507.58
MUM_RAIL_STN_014,Santacruz,MUM_RAIL_STN_013,Khar Road,1507.58
MUM_RAIL_STN_015,Vile Parle,MUM_RAIL_STN_014,Santacruz,2034.22
MUM_RAIL_STN_016,Andheri,MUM_RAIL_STN_015,Vile Parle,2072.91
MUM_RAIL_STN_017,Jogeshwari,MUM_RAIL_STN_101,Ram Mandir,1791.91
MUM_RAIL_STN_018,Goregaon,MUM_RAIL_STN_101,Ram Mandir,1553.65
MUM_RAIL_STN_019,Malad,MUM_RAIL_STN_020,Kandivali,2114.8
MUM_RAIL_STN_020,Kandivali,MUM_RAIL_STN_019,Malad,2114.8
MUM_RAIL_STN_021,Borivali,MUM_RAIL_STN_022,Dahisar,2486.68
MUM_RAIL_STN_022,Dahisar,MUM_RAIL_STN_021,Borivali,2486.68
MUM_RAIL_STN_023,CSMT,MUM_RAIL_STN_001,Churchgate,1114.1
MUM_RAIL_STN_024,Masjid Bunder,MUM_RAIL_STN_025,Sandhurst Road,1045.59
MUM_RAIL_STN_025,Sandhurst Road,MUM_RAIL_STN_041,Dockyard Road,851.61
MUM_RAIL_STN_026,Byculla,MUM_RAIL_STN_006,Mahalaxmi,1162.52
MUM_RAIL_STN_027,Chinchpokali,MUM_RAIL_STN_028,Currey Road,831.64
MUM_RAIL_STN_028,Currey Road,MUM_RAIL_STN_007,Lower Parel,345.28
MUM_RAIL_STN_029,Parel,MUM_RAIL_STN_008,Prabhadevi,259.85
MUM_RAIL_STN_030,Dadar,MUM_RAIL_STN_009,Dadar,175.78
MUM_RAIL_STN_031,Matunga,MUM_RAIL_STN_010,Matunga Road,379.25
MUM_RAIL_STN_032,Sion,MUM_RAIL_STN_047,Chunna Bhatti,724.08
MUM_RAIL_STN_033,Kurla,MUM_RAIL_STN_048,Tilak Nagar,1182.96
MUM_RAIL_STN_034,Vidyavihar,MUM_RAIL_STN_035,Ghatkopar,1425.19
MUM_RAIL_STN_035,Ghatkopar,MUM_RAIL_STN_034,Vidyavihar,1425.19
MUM_RAIL_STN_036,Vikhroli,MUM_RAIL_STN_037,Kanjur Marg,1914.39
MUM_RAIL_STN_037,Kanjur Marg,MUM_RAIL_STN_036,Vikhroli,1914.39
MUM_RAIL_STN_038,Bhandup,MUM_RAIL_STN_039,Nahur,1758.68
MUM_RAIL_STN_039,Nahur,MUM_RAIL_STN_038,Bhandup,1758.68
MUM_RAIL_STN_040,Mulund,MUM_RAIL_STN_039,Nahur,2305.54
MUM_RAIL_STN_041,Dockyard Road,MUM_RAIL_STN_025,Sandhurst Road,851.61
MUM_RAIL_STN_042,Ray Road,MUM_RAIL_STN_043,Cotton Green,1079.57
MUM_RAIL_STN_043,Cotton Green,MUM_RAIL_STN_042,Ray Road,1079.57
MUM_RAIL_STN_044,Sewri,MUM_RAIL_STN_043,Cotton Green,1929.63
MUM_RAIL_STN_045,Wadala Road,MUM_RAIL_STN_031,Matunga,1666.04
MUM_RAIL_STN_046,Guru Tej Bahadur Nagar,MUM_RAIL_STN_052,Kings Circle,1049.52
MUM_RAIL_STN_047,Chunna Bhatti,MUM_RAIL_STN_032,Sion,724.08
MUM_RAIL_STN_048,Tilak Nagar,MUM_RAIL_STN_033,Kurla,1182.96
MUM_RAIL_STN_049,Chembur,MUM_RAIL_STN_048,Tilak Nagar,1309.15
MUM_RAIL_STN_050,Govandi,MUM_RAIL_STN_049,Chembur,1806.21
MUM_RAIL_STN_051,Mankhurd,MUM_RAIL_STN_050,Govandi,1992.55
MUM_RAIL_STN_052,Kings Circle,MUM_RAIL_STN_031,Matunga,957.05
MUM_RAIL_STN_053,Mira Road,MUM_RAIL_STN_022,Dahisar,3524.15
MUM_RAIL_STN_054,Bhayandar,MUM_RAIL_STN_053,Mira Road,3759.24
MUM_RAIL_STN_055,Naigaon,MUM_RAIL_STN_056,Vasai Road,3989.96
MUM_RAIL_STN_056,Vasai Road,MUM_RAIL_STN_055,Naigaon,3989.96
MUM_RAIL_STN_057,Nallasopara,MUM_RAIL_STN_056,Vasai Road,4418.3
MUM_RAIL_STN_058,Virar,MUM_RAIL_STN_057,Nallasopara,4474.08
MUM_RAIL_STN_059,Vashi,MUM_RAIL_STN_060,Sanpada,1215.98
MUM_RAIL_STN_060,Sanpada,MUM_RAIL_STN_059,Vashi,1215.98
MUM_RAIL_STN_061,Juinagar,MUM_RAIL_STN_060,Sanpada,1594.3
MUM_RAIL_STN_062,Nerul,MUM_RAIL_STN_063,Seawoods,1361.29
MUM_RAIL_STN_063,Seawoods,MUM_RAIL_STN_062,Nerul,1361.29
MUM_RAIL_STN_064,CBD Belapur,MUM_RAIL_STN_103,Sagar Sangam,1896.6
MUM_RAIL_STN_065,Kharghar,MUM_RAIL_STN_064,CBD Belapur,2409.41
MUM_RAIL_STN_066,Mansarovar,MUM_RAIL_STN_067,Khandeshwar,1923.59
MUM_RAIL_STN_067,Khandeshwar,MUM_RAIL_STN_066,Mansarovar,1923.59
MUM_RAIL_STN_068,Panvel,MUM_RAIL_STN_067,Khandeshwar,3565.66
MUM_RAIL_STN_069,Turbhe,MUM_RAIL_STN_060,Sanpada,1491.08
MUM_RAIL_STN_070,Kopar Kharine,MUM_RAIL_STN_071,Ghansoli,1639.46
MUM_RAIL_STN_071,Ghansoli,MUM_RAIL_STN_070,Kopar Kharine,1639.46
MUM_RAIL_STN_072,Rabale,MUM_RAIL_STN_071,Ghansoli,2464.12
MUM_RAIL_STN_073,Airoli,MUM_RAIL_STN_072,Rabale,2561.99
MUM_RAIL_STN_074,Thane,MUM_RAIL_STN_040,Mulund,2734.01
MUM_RAIL_STN_075,Kalwa,MUM_RAIL_STN_074,Thane,2832.93
MUM_RAIL_STN_076,Mumbra,MUM_RAIL_STN_077,Diva,2210.95
MUM_RAIL_STN_077,Diva,MUM_RAIL_STN_076,Mumbra,2210.95
MUM_RAIL_STN_078,Lower Kopar,MUM_RAIL_STN_079,Dombivili,1421.99
MUM_RAIL_STN_079,Dombivili,MUM_RAIL_STN_078,Lower Kopar,1421.99
MUM_RAIL_STN_080,Thakurli,MUM_RAIL_STN_079,Dombivili,1533.39
MUM_RAIL_STN_081,Kalyan,MUM_RAIL_STN_082,Vithalwadi,2296.63
MUM_RAIL_STN_082,Vithalwadi,MUM_RAIL_STN_083,Ulhas Nagar,1953.68
MUM_RAIL_STN_083,Ulhas Nagar,MUM_RAIL_STN_082,Vithalwadi,1953.68
MUM_RAIL_STN_084,Ambernath,MUM_RAIL_STN_083,Ulhas Nagar,2552.95
MUM_RAIL_STN_085,Badlapur,MUM_RAIL_STN_084,Ambernath,7916.92
MUM_RAIL_STN_086,Vangani,MUM_RAIL_STN_087,Shelu,4113.61
MUM_RAIL_STN_087,Shelu,MUM_RAIL_STN_086,Vangani,4113.61
MUM_RAIL_STN_088,Neral,MUM_RAIL_STN_087,Shelu,4312.02
MUM_RAIL_STN_089,Bhivpuri Road,MUM_RAIL_STN_088,Neral,6840.01
MUM_RAIL_STN_090,Karjat,MUM_RAIL_STN_091,Palasdhari,2887.76
MUM_RAIL_STN_091,Palasdhari,MUM_RAIL_STN_090,Karjat,2887.76
MUM_RAIL_STN_092,Kelavali,MUM_RAIL_STN_093,Dolavali,1352.06
MUM_RAIL_STN_093,Dolavali,MUM_RAIL_STN_092,Kelavali,1352.06
MUM_RAIL_STN_094,Lowjee,MUM_RAIL_STN_095,Khopoli,2469.38
MUM_RAIL_STN_095,Khopoli,MUM_RAIL_STN_094,Lowjee,2469.38
MUM_RAIL_STN_096,Shahad,MUM_RAIL_STN_082,Vithalwadi,2147.03
MUM_RAIL_STN_097,Ambivili,MUM_RAIL_STN_096,Shahad,3142.75
MUM_RAIL_STN_098,Titwala,MUM_RAIL_STN_097,Ambivili,4906.61
MUM_RAIL_STN_099,Khadawali,MUM_RAIL_STN_098,Titwala,7286.79
MUM_RAIL_STN_100,Vasind,MUM_RAIL_STN_099,Khadawali,8015.77
MUM_RAIL_STN_101,Ram Mandir,MUM_RAIL_STN_018,Goregaon,1553.65
MUM_RAIL_STN_102,Vaitarna,MUM_RAIL_STN_058,Virar,8725.54
MUM_RAIL_STN_103,Sagar Sangam,MUM_RAIL_STN_063,Seawoods,1510.02
MUM_RAIL_STN_104,Targhar,MUM_RAIL_STN_105,Bamandongri,2210.61
MUM_RAIL_STN_105,Bamandongri,MUM_RAIL_STN_106,Kharkopar,2080.75
MUM_RAIL_STN_106,Kharkopar,MUM_RAIL_STN_105,Bamandongri,2080.75
